id,username,location,followers,public_repos
460854,jdswinbank,b'New York, New York',13,40
460856,mattwood,b'Wisconsin, USA',2,2
460857,cadoo,b'Ni, Serbia',7,7
460858,guerra,b'Belo Horizonte - Brasil',6,2
460859,sirjoseph,b'Nashville, TN',0,6
460864,machomic,b'Poland',0,9
460874,dianaliu,b'New York',12,32
460877,jimzhan,b'Montreal, Canada',9,35
460887,oiolong,b'tw',3,34
460890,iorlas,b'Russia, Saint-Petersburg',5,34
460891,ethanselzer,b'Los Angeles',2,4
460894,FloatGate,b'Bei Jing, China',2,13
460896,dznodes,b'Charleston, SC',11,23
460898,rogeriolabat,b'Sao Paulo',0,3
460899,olatunjee,b'Nigeria',1,10
460904,tiesmaster,b'Rotterdam',2,47
460906,cheater5s,b'161 East Main Street',0,2
460909,csimi,b'Luxembourg',1,8
460911,xtiancapil,b'Los Angeles, CA',4,32
460919,akshlu,b'Saint Petersburg, Russia',9,10
460922,StevenHouben,b'United Kingdom',3,11
460932,shaunfowler,b'Ottawa, Ontario',1,7
460945,unki,b'Austria',0,13
460949,jvyyuie,b'Beijing, China',20,3
460950,bigmario,b'Carabobo, Venezuela',0,1
460953,siebo,b'SF // NL // JP // BR',13,25
460960,eurodba,b'Frankfurt am Main, Germany',1,2
460961,starbuckt,b'Cambridge, ON',0,2
460964,jplehmann,b'Dallas, Texas',48,13
460966,ebrehault,b'Toulouse, France',32,48
460971,kunago,b'Czech Republic',1,2
460972,mboussarov,b'San Diego',0,1
460980,fiatpandas,b'Boston, MA',0,1
460981,laabroo,b'yogyakarta, indonesia',10,103
460987,johnnynibbles,b'Moorestown, NJ',0,4
460990,NathanielInman,b'Kansas City, Missouri',4,16
461001,kmile,b'Amsterdam',7,14
461008,RedChaos,b'The realm of eternal chaos',1,0
461009,mcamac,b'Cambridge, MA',9,25
461010,garthcn,b'SF',16,19
461016,binarymind,b'Paris',6,11
461020,kontsevoy,b'San Francisco, CA',7,5
461021,chroman,b'Mexico',329,34
461023,kieranjmurphy,b'Glasgow, U.K',0,3
461037,peillis,b'Madrid',5,6
461039,ravenschade,b'Germany',0,10
461040,jws7,b'Scotland',1,3
461043,balaf,b'Athens, Greece',13,7
461044,robertabcd,b'Taiwan',19,14
461046,jmduke,b'Seattle, WA',34,45
461051,damagedgoods,b'Madrid, Spain',11,13
461052,anderskristian,b'Copenhagen',2,5
461055,yuriteixeira,b'Stockholm, Sweden',34,17
461056,webolution,b'Aniwa, WI',0,1
461060,dfmiller,b'American Fork, UT',1,2
461066,hermidalc,b'Rockville, MD',0,1
461067,parisjs,b'Paris',0,8
461076,NeoChronos,b'Lund, Sweden',0,5
461079,kayrules,b'Kuala Lumpur',5,10
461084,pocesar,b'Brazil',39,77
461086,abneptis,b'San Francisco, Ca',4,16
461095,Convore,b'San Francisco, CA',0,0
461101,Deadpool21619,b'Puerto Rico',1,3
461102,flemay,b'Sydney, Australia',15,22
461106,joseluisrt,b'Malaga, Spain',7,2
461109,markshepherd,b'San Francisco',7,4
461112,sentientwaffle,b'SF',38,38
461113,maryhowe,b'Lawrence, KS, USA',1,2
461116,berdote,b'Atlanta, GA',1,0
461124,eperedo,b'Lima, Per',13,41
461128,elangovans,b'United States',0,1
461132,sol,b'Singapore',111,176
461133,ftruzzi,b'Milan, Italy',17,9
461145,chrisavgerinos,b'Toronto',1,2
461147,nmorris,b'Boston, MA',3,5
461156,pniedzielski,b'Ithaca, NY',16,15
461160,marcelkalveram,b'Valencia',7,1
461162,dustynrobots,b'Brooklyn, NY',7,5
461164,radimvaculik,b'Brno, CZ',9,16
461165,casperbiering,b'Copenhagen, Denmark',1,11
461168,mitchellkoch,b'San Francisco, CA',3,11
461172,chrislaskey,b'Boston',12,60
461173,3keepmovingforward3,b'Panama City',1,11
461179,bemclaugh,b'Honolulu, HI',3,13
461186,siklol,b'Munich, Germany',6,12
461187,arijitl,b'India',1,6
461203,jlong29,b'New York, NY, USA',2,7
461207,Snailslug,b'North Kansas City, Mo',3,6
461211,rmoquin,b'New Jersey, USA',4,16
461212,manzyun,b'Sapporo Hokkaido',7,7
461215,ecosur-sistemas-complejos,b'San Cristbal de Las Casas, Chiapas, Mexico',0,6
461216,mudwell,b'Japan',1,25
461218,pageask,b'China',2,7
461235,lucianaa,b'Montes Claros, Brasil',13,11
461238,ytorres,b'Rennes',2,0
461243,denisrmp,b'Brazil',11,10
461245,kstorozhik,b'Beijing',0,0
461246,jgershen,b'Menlo Park, CA',2,3
461249,calmdev,b'SW Palm Bay',22,2
461254,jeppy,b'Seoul, Korea',2,1
461255,jsolano,b'Ottawa, ON. ',6,17
461256,flashicon,b'New York City',5,0
461258,johnsaltarelli,b'Danbury CT, 06811',1,1
461266,binlinseattle,b'Seattle',0,1
461270,itopaloglu83,b'Dayton, OH, USA',0,0
461272,jailjones,b'Dallas, TX',9,11
461274,chrstphrhrt,b'Montreal',38,24
461278,lordyama,b'Melbourne, Australia',0,0
461288,adam28,b'Canberra, Australia',0,0
461289,aksharma,b'Miami, FL',4,12
461294,komputist,b'Oslo',1,3
461295,olpc-au,b'Australia',0,2
461296,dbist,b'United States',9,21
461301,arisanguinetti,b'Argentina',0,0
461305,rhyddereh,b'Portland, OR',0,6
461308,mrdaemon,b'Qubec, Canada',10,22
461309,cicerferreira,b'Brasil',0,0
461317,caosuomo,b'Cambridge, MA',5,1
461320,dcookie75,b'Boston, MA, USA',0,1
461325,flashpixel,b'Maldives',3,4
461328,jtperry,b'Seattle',2,10
461338,shmore,b'Canada',0,0
461342,estevanjantsk,b'Curitiba, PR',3,13
461344,wramsdell,b'Beaverton, OR',3,9
461354,kwc,b'California',14,6
461355,adamrumbold,b'Melbourne',12,21
461357,kathyness,b'Taiwan',0,1
461376,lycenway,b'shanghai',3,24
461377,yangeryanger,b'Wisconsin',0,1
461378,barata0,b'Rio de Janeiro',0,5
461380,dlublin,b'Brooklyn, NY',18,8
461382,Hypnusds,b'Shanghai,China',0,2
461385,rossumur,b'Palo Alto, CA',38,5
461393,Amab,b'Madrid, Spain',17,2
461395,dstockstad,b'Dublin, Ireland',8,4
461397,back2arie,b'Indonesia',62,22
461400,bgun,b'NYC',9,45
461401,bricetebbs,b'Seattle, WA',4,12
461402,jpalawaga,b'San Francisco, CA',0,15
461413,actsgo,b'Vancouver, Canada',0,59
461414,kobeBigs,b'Ghana',18,5
461421,kubaw,b'Krakw',0,11
461423,abhijitnavale,b'India',2,11
461431,takayuk,b'Japan',1,8
461438,felixhummel,b'Rosenheim',8,69
461439,kentgottschalk,b'Denmark',0,5
461440,crawln45,b'Fort Worth, Tx',1,7
461443,prajaper,b'San Jose ,CA',0,10
461448,skyis,b'Tokyo Japan',2,15
461449,TheFuzzball,b'United Kingdom',6,25
461454,tematika,b'russian',0,2
461460,ToQoz,b'Kawasaki',57,95
461469,martoe,b'Vienna, Austria',3,34
461470,desnos,b'Genova,Italy',3,5
461480,SeTeM,b'Moscow',20,16
461484,vitto,b'Forl, Italy',15,16
461485,Dutchglory,b'Netherlands',0,0
461490,ashemah,b'Melbourne, Australia',1,28
461491,mrshu,b'Slovakia',48,196
461493,megax,b'Hungary',4,2
461499,eric-zhu,b'Sydney, Australia',2,17
461501,zwerxyplous,b'San Francisco',0,0
461502,mrlucas84,b'Netherlands',0,124
461513,iteratoruk,b'Newcastle Upon Tyne',0,9
461514,thomdixon,b'Greater Seattle Area, WA',23,33
461519,petrbel,b'Czech Republic, Beroun',22,30
461520,tapan29bd,b'Dhaka, Bangladesh',7,87
461522,gabrieldavid,b'Tokyo, Japan',0,1
461523,frances2art,b'Olomouc',0,1
461529,rdehouss,b'Lige, Belgium',1,1
461535,tamaw,b'Australia',5,7
461537,sdil,b'Kuala Lumpur, Malaysia',2,7
461539,lasersson,b'Stockholm, Sweden',0,2
461553,Byrappa,b'London, UK',2,4
461566,sydphp,b'Sydney, Australia',0,4
461571,donat3llo,b'Dsseldorf',1,18
461574,newLoki,b'Berlin, Germany',25,45
461577,rif,b'Timisoara, Romania',28,36
461578,yonbergman,b'Israel',21,67
461582,boracaglayan,b'Ireland',5,3
461584,dawnieando,b'UK',0,1
461592,dan-nl,b'amsterdam, the netherlands',3,35
461594,orange-jacky,b'beijing',4,32
461599,kdepp,b'Beijing, China',12,21
461607,nziehn,b'Munich, Germany',1,1
461608,KaiWerthwein,b'Berlin',0,2
461613,wahlbrink,b'Germany',3,1
461614,muxx,b'Moscow, Russia',19,14
461616,fvillegas,b'Maldonado, Uruguay',7,21
461621,ACCUSED,b'Connecticut',0,2
461626,xuser,b'Lbeck',0,5
461628,oranheim,b'Oslo, Norway',5,22
461632,Shemahmforash,b'Lisbon, Portugal',21,29
461633,ai81,b'Saint-Peterburg',0,11
461638,raphaelleheaf,b'London',0,3
461642,luisdemarchi,b'Curitiba',0,0
461650,remcoder,b'the Netherlands',38,42
461651,blkno1,b'NH',0,0
461652,amPerl,b'Estonia',9,12
461655,xebia-france,b'Paris 8',0,218
461656,jeremyweiss,b'San Antonio, TX',1,2
461657,monchecourt,b'Le Teich, Aquitaine, France',1,0
461658,bionicdude,b'England, Midlands',0,2
461659,jp-myk,b'Tokyo, Japan',0,4
461670,mikebevz,b'Copenhagen, Denmark',8,30
461671,nplhse,b'Marburg',10,3
461682,eikneh,b'Netherlands',0,0
461684,zaharsk,b'Vladivostok, Russia',1,4
461685,grundew,b'Oslo, Norway',1,1
461694,trenkwill,b'Marseille',6,13
461702,KartikTalwar,b'San Francisco',311,44
461703,locksfree,b'Dublin',3,6
461705,drjoju,b'Sant Cugat del Valls - Barcelona - Spain',1,3
461711,j5ik2o,b'Arakawa-ku, Tokyo, Japan',155,76
461712,jonasgreen,b'Copenhagen, Denmark',2,20
461715,wavesummit,b'Vancouver Island',3,6
461719,serso,b'Linkping, Sweden',124,45
461721,zilladotexe,b'Florida, USA',16,3
461724,vatsal,b'New York',2,6
461728,maikb,b'Germany',0,0
461742,jlmurphy,b'Massachusetts, USA',4,5
461743,jixiuf,b'(China )',50,51
461746,BesuglovS,b'Samara',0,21
461756,thisismammoth,b'Chicago, Illinois',0,0
461764,darthcoder,b'India',0,8
461771,f03lipe,b'Rio de Janeiro',30,57
461775,Throdo,b'France',0,6
461786,planrich,b'Vienna',2,27
461796,cadavre,b'Poland',18,32
461802,enlightend,b'Belgium',0,2
461806,dpcrook,b'Northern Colorado',11,23
461813,joshserrin,b'Massachusetts',1,6
461816,michaelgill1969,b'United States',0,11
461820,teamnigel,b'Berwyn, PA',0,5
461821,gparrulli,b'Phoenix',4,5
461823,drunkhacker,b'Seoul',8,23
461826,miroadamy,b'Valencia, Spain',3,25
461827,Gutek,b'Warsaw, Poland',40,41
461830,Johnicholas,b'Portland, ME',17,130
461831,zodvik,b'Bangalore',4,8
461839,haxorjim,b'Cleveland, OH',4,1
461845,ziyculun,b'indonesia',1,4
461847,n0s,b'Moscow',2,5
461857,elizechea,b'A Corua',5,8
461859,jalex79,b'Fortaleza/CE',7,4
461869,ckrough,b'Austin, TX',10,15
461880,MeZKaL,b'Barcelona',0,2
461889,velomash,b'San Francisco, CA',13,9
461897,craig0990,b'Kuala Lumpur, Malaysia',6,12
461898,KyleDutka,b'Ontario, Canada',0,0
461899,netdesign,b'Sicily, Italy',5,12
461901,SeeDesign,b'Canada',0,0
461902,mbardea,b'Toronto, Canada',1,32
461908,fernandoporres,b'Madrid, Spain',1,2
461914,palmtrae,b'Skvde, Sweden',1,1
461916,mikewatt,b'London, UK',3,3
461917,jayaprakashbr,b'India',4,0
461922,usmanlatif,b'Lahore, Pakistan',3,0
461927,klinkin,b'Russia, Moscow',13,28
461931,jerkos,b'France',4,17
461937,mahediazad,b'Dhaka, Bangladesh',1,7
461943,xfournet,b'Lyon, France',6,12
461946,adamkaump,b'Michigan',3,2
461952,ronxjansen,b'Amsterdam',0,15
461956,dannosaur,b'Wrexham, UK',5,14
461957,raybooysen,b'United Kingdom',7,18
461959,gereac,b'Bucharest, Romania',1,5
461963,bluerssen,b'San Francisco',3,0
461970,etu,b'Stockholm, Sweden',25,24
461971,Experia,b'Curitiba, Brazil',0,4
461973,watro,b'Montevideo',3,3
461989,mpemburn,b'Maryland, US',0,3
461991,coeptos,b'Bishkek, KG',0,1
461992,covek,b'Hungary, Pcel',0,2
461994,dgalichet,b'France',4,10
461999,lancewalton,b'England',6,6
462005,675InternetServices,b'Deventer, The Netherlands',0,1
462006,P6rguVyrst,b'Estonia',1,4
462012,jytalk,b'Seoul, Korea',0,2
462013,SeriousM,b'Vienna',22,80
462020,caseyg,b'Ridgewood, NY',61,46
462024,SharkofMirkwood,b'United Kingdom',3,9
462031,chrisgaraffa,b'New Haven, CT',0,9
462036,saqibsaleem,b'UK',0,9
462040,atypical,b'PDX',9,18
462043,SBero,b'San Diego, CA',3,13
462044,nithyananthan,b'Raleigh, US',0,1
462054,ianha,b'New York, NY',11,10
462056,romerocesar,b'seattle, WA',10,22
462069,geometrid,b'San Francisco, CA',2,11
462070,ehask71,b'Boston Ma',0,10
462072,anthonywu,b'Silicon Valley / Bay Area',18,11
462075,olssonr,b'Sweden',10,4
462077,cartogram,b'Toronto',4,12
462080,netzhoerer,b'Leipzig, Germany',3,6
462084,pimpin,b'Paris',15,66
462085,SoporificDonkey,b'England',3,0
462086,jakubdaniel,b'Prague',2,10
462088,dr0uleau,b'West Lafayette, Indiana',1,7
462089,EdwardUmutbaev,b'Russia, Kazan',1,3
462095,castlino,b'Sydney/Australia',1,5
462100,Osin,b'Paris',14,25
462110,spjdr,b'Copenhagen, Denmark',0,10
462117,kimho,b'Korea',3,31
462118,smarttypes,b'Cleveland, OH',0,1
462122,stoleru,b'Iasi, Romania',1,8
462129,akurzhan,b'SF Bay Area',2,9
462130,YigitDemirag,b'Geneva',6,5
462131,michee,b'Stockholm',0,0
462139,mydimension,b'Tyngsboro, MA',1,10
462148,sojin,b'Singapore',11,30
462150,engmsaleh,b'Egypt',12,1321
462153,gabrielhurley,b'Berkeley, CA',27,15
462154,felipou,b'Brasil',1,24
462160,karlroberts,b'Sydney',5,43
462165,navalynt,b'Anchorage, AK',1,2
462168,tharldvs1,b'United States',0,13
462169,tomaszzielinski,b'Wrocaw, Poland',15,9
462178,KenJ,b'USA',0,0
462180,kyawkyaw,b'Singapore',2,225
462181,ljwsummer,b'Beijing',7,13
462183,shagedorn,b'Cologne',4,2
462193,yutroc,b'Chile',0,9
462195,leftshoe,b'Canberra, Australia',2,7
462199,tyauvil,b'Denver, CO',8,15
462203,shaunoconnell,b'Baltimore, MD',7,17
462206,pierrchen,b'Shanghai,China',5,46
462213,sl1pkn07,b'burgos (Spain)',1,8
462218,matthew-ball,b'Canberra, ACT, Australia',15,5
462220,niguang1024,b'China',14,2
462228,ritch,b'Fremont, California',153,57
462239,wfir,b'China',0,2
462244,rhz,b'Santiago, Chile',16,16
462255,eightysteele,b'Berkeley, CA',46,44
462257,mcpanic,b'Daejeon, Korea',15,29
462260,DeloitteNZ,b'New Zealand',0,0
462272,GordianZ,b'Wuhan, Hubei, China',3,1
462275,BalajiR,b'Chennai, India',0,0
462279,pourebadi,b'Iran. Mashhad',0,0
462282,bryanalves,b'Boston',3,10
462284,sokolovalexander,b'Newcastle upon Tyne',0,0
462287,grooverdan,b'Canberra, Australia',20,52
462288,notalyce,b'Cambridge, MA',5,5
462290,daishihmr,b'Tokyo Japan',37,81
462291,acolangelo,b'Philadelphia, PA',134,13
462292,hellobeita,b'Shanghai, China',1,0
462302,edoburg,b'Japan',0,2
462306,vasancec,b'India',0,1
462308,cyjia,b'Beijing,China',4,49
462311,frizkey,b'Indonesia',0,11
462315,marshallward,b'Canberra, ACT, Australia',14,42
462316,juanmanuelinf,b'Caracas, Venezuela',0,3
462322,airbuzz,b'Tokyo',0,13
462323,domoming,b'hangzhou',0,0
462324,martin1975,b'France',0,1
462327,iccafe,b'Shanghai',3,8
462328,netfishx,b'china',7,20
462330,avdd,b'Sydney, Australia',2,17
462333,Afwas,b'Groningen, The Netherlands',1,8
462337,coral-framework,b'Worldwide',0,14
462341,cayniarb,b'NoVA',29,0
462342,bdanque,b'San Luis Obispo, CA',1,1
462351,baggioustb,b'Beijing,China',0,6
462354,rikhalon,b'Tampere, Finland',0,0
462356,Jandev,b'Lemmer, Netherlands',1,4
462357,tvandame,b'Leander Texas',2,12
462358,rauljim,b'Stockholm, Sweden',14,21
462363,arthurivocatus,b'Edmonton, AB - Canada',0,0
462364,pradyumnanil,b'India',0,0
462370,hrpunio,b'Poland',4,19
462376,slovenec88,b'Slovenia',2,10
462377,osechet,b'France',0,8
462381,codabit,b'Germany',1,0
462383,oopsmonk,b'Taiwan',1,23
462397,skunz,b'Stfa',1,1
462398,wildanm,b'Indonesia',5,34
462408,xuanhuangyiqi,b'Aachen, Germany',17,38
462417,wizztjh,b'Singapore',32,60
462422,incident404,b'St Petersburg. Russia',0,1
462427,stevemanuel,b'Santa Monica, CA',13,42
462430,snsk,b'Tokyo',25,13
462439,ws233,b'St.-Petersburg',3,6
462441,bennettdev,b'Trondheim, Norway',0,0
462443,steijgeler,b'Groenlo, Netherlands',0,3
462447,roehm,b'Boeblingen',5,5
462451,rasmuskl,b'Copenhagen, Denmark',16,12
462455,benbender,b'Marburg, Germany',0,17
462457,khngrd,b'Denmark',0,1
462460,maxpaynestory,b'Pakistan',1,6
462462,laurianttila,b'Finland',0,0
462464,hungtrieu,b'Vietnam',0,1
462466,samlev,b'Houston',9,24
462471,truongvinht,b'Munich',10,16
462477,kuzmany,b'Slovak republic',7,13
462483,rajakri,b'Sydney',0,3
462486,errx,b'Moscow',0,12
462489,akeelfaridee,b'Sydney',1,4
462490,dawnworks,b'United Kingdom',0,0
462491,albybarber,b'London',7,18
462507,adnasa,b'Berlin, Germany',14,70
462510,IcculusC,b'Eugene, OR',3,15
462513,Tarabass,b'Elburg, The Netherlands',0,51
462520,techmaurice,b'Den Haag, Netherlands',12,7
462521,up2u,b'China',0,4
462527,runnel,b'Estonia',4,0
462530,enricomarino,b'Rome, Italy',53,92
462532,ruchi-agarwal,b'Noida',1,2
462534,spuchi,b'Timisoara, Romania',1,2
462544,Youzin,b'Seoul, Korea',0,4
462546,nemilya,b'Russia, Ekaterinburg',20,65
462548,mudradi-mohan,b'New Delhi',0,0
462558,morganator,b'New York',0,1
462561,ovidiubute,b'Bucharest',0,19
462567,hsueing3,b'California',17,1
462576,deepcell,b'www',5,92
462579,pedrovclfaria,b'Guimares',10,4
462580,tobyepril,b'Brisbane, Australia',32,5
462581,wilcolley,b'London',1,0
462588,topliceanu,b'London, UK',39,35
462589,darkwood,b'Trondheim, Norway',1,1
462593,nbonnec,b'Nantes',2,7
462598,piranhadigital,b'Turku, Finland',0,2
462605,tyscorp,b'Stillwater, Oklahoma',12,45
462607,cspitzlay,b'Frankfurt am Main, Germany',2,8
462612,luchano,b'Mendoza, Argentina',7,0
462615,plkumar,b'Hyderabad',3,38
462620,tuxuser,b'Germany',29,14
462626,nulab,b'Fukuoka, JAPAN',0,44
462627,nageshweb8,b'Hyderabad',0,2
462628,BorisCarvajal,b'Chile',0,3
462629,erikholmberg,b'Charleston, SC',5,1
462631,oscarcp,b'Barcelona, Spain',47,26
462634,dperov,b'Moscow, Russia',0,14
462645,chandramuni,b'Bangladesh',0,1
462649,romanych,b'Dnepropetrovsk, Ukraine',5,14
462652,wvaarle,b'Belgium',0,4
462664,pauljamescampbell,b'London, UK',4,4
462665,federicom,b'Norway',0,1
462669,vdesmedt,b'Brussels, EU',0,7
462671,Snoeckysnoeck,b'Gavere',0,0
462673,kpb-ocg,b'Rochester, NY',0,0
462677,zatrazz,b'Brazil',9,8
462682,hauntbee,b'Jakarta, Indonesia',0,0
462684,codeanu,b'Bangalore',12,34
462687,tim-bezhashvyly,b'Klingenthal, Germany',97,1
462688,xstefanox,b'Milan, Italy',9,29
462691,pshoukry,b'Cairo, Egypt',4,21
462698,MerreM,b'Norwich',3,34
462701,borama,b'Prague',1,11
462705,trumbitta,b'Cagliari, IT',37,49
462714,steiny2k,b'Zrich, Switzerland',0,12
462718,allanribeiro,b'Sao Paulo, Brazil',0,0
462720,aloc,b'Uppsala in heart, linkping in soul',0,2
462730,sfriesel,b'Berlin, Germany',11,29
462731,jaime-fuhr,b'Lancaster, OH',0,1
462732,piermariacosina,b'Turin',9,30
462739,aumgn,b'Grenoble, France',14,21
462742,ayakov,b'Ekaterinburg',0,0
462752,YoannLeGoff,b'Barcelona, Catalunya',0,8
462756,supermethod,b'London',17,2
462760,twidero,b'Oslo',0,4
462761,jeffheaton,b'St. Louis, MO, USA',422,23
462763,wataru775,b'Japan Osaka',1,5
462768,ricardogce,b'Pittsburgh, PA',0,0
462771,tusharkumar91,b'Delhi',0,3
462772,qunb,b'Paris',0,4
462773,cfsilence,b'Medina, OH',21,6
462779,nashape,b'Melbourne',0,3
462785,greyhawk,b'china',10,10
462787,anthonyoliver,b'Ann Arbor, MI',2,0
462796,joshstrange,b'Lexington, Kentucky',7,53
462799,jfsurban,b'ph',5,14
462802,hmeine,b'Bremen, Germany',7,26
462805,AdilHoumadi,b'Brussels',6,6
462808,lykhouzov,b'Kyiv',5,13
462817,catmorley,b'Edinburgh, UK',0,0
462819,cdbusby,b'Halifax, NS',0,5
462825,Skadefryd,b'Oslo',2,3
462827,tucotuco,b'UC Berkeley',9,5
462829,edmagne,b'Valinhos, So Paulo, Brazil',4,8
462831,brunzefb,b'Toronto, ON, Canada',1,6
462832,JTheilmann,b'Darmstadt',1,0
462836,jplew,b'India',3,5
462841,tarcisocomp,b'Campina Grande',5,8
462844,RobTillaart,b'Gemert Netherlands',48,10
462847,y-ogi,b'Tokyo',1,29
462848,oroce,b'Budapest, Hungary',83,123
462849,BrixCRM,b'Almelo, NL',1,10
462852,raduenuca,b'Bucharest, Romania',3,20
462853,Lyut,b'Russia',2,5
462856,zengzhan,b'HK',8,1
462857,vitormargis,b'So Paulo',9,10
462861,benchprep,b'Chicago, IL',8,0
462862,laz0rviking,b'Ann Arbor, MI',0,6
462866,nibl,b'Central Europe',0,11
462870,rhaining,b'New York',46,19
462875,rwatsh,b'San Ramon, CA',2,4
462879,clneagu,b'Timioara, Romnia',7,22
462884,mbasa,b'Tokyo, Japan',8,7
462885,hisahiko,b'Shibuya/Tokyo/Japan',0,1
462888,subiron,b'polska',0,11
462890,Tjirp,b'Doetinchem, netherlands',0,1
462892,djsmiley2k,b'Coventry, UK',2,11
462894,TristanRineer,b'US',0,0
462895,simplicitous,b'san francisco',2,1
462897,bitrage,b'Germany',0,2
462901,jshay,b'Boston,  MA, USA',0,2
462904,paddyez,b'Wiesbaden',5,9
462905,IQpierce,b'Austin, TX',2,1
462906,adstro,b'Chelmsford, MA',8,36
462908,dkhan,b'Boston, MA',0,7
462909,metromix-deploy,b'Chicago, IL',0,0
462918,AndyHaskell,b'Boston',1,19
462919,alexunder,b'China Beijing',14,13
462920,nicklog,b'Germany',1,2
462921,ciaranmg,b'Baltimore, MD',9,10
462924,obuisson,b'France',0,14
462926,evanfocus,b'Holland, MI',0,0
462937,m3talstorm,b'Bristol, England',5,12
462940,ivotkv,b'London, UK',0,3
462941,himanshumehta,b'Bengaluru',0,2
462945,chus,b'Barcelona',3,1
462946,deromero,b'Guayaquil, Ecuador',1,7
462947,morgangrether,b'Portland, Oregon',3,1
462951,kamend,b'Sofia, Bulgaria',45,37
462953,tjwiebell,b'Austin, TX',1,0
462960,rdsharnagat,b'Nagpur',0,2
462963,davl,b'Paris, France',1,0
462970,markhaidar,b'Dallas, Texas',2,0
462973,dbarreiro,b'Montevideo',1,5
462976,babruix,b'Stockholm, Sweden',0,11
462979,diadem,b'Oxford, United Kingdom',0,2
462980,matzko,b'Chattanooga, TN',40,42
462982,freejung,b'Denver, CO',4,10
462991,davidscatterday,b'NYC',0,0
462992,cnorthwood,b'Manchester, UK',42,13
462993,arschmitz,b'Maine',154,88
462996,victorferraz,b'Belo Horizonte',24,10
463008,martinllanos,b'Argentina',3,9
463010,jgoldbloom,b'Alexandria, VA.',2,1
463016,malys,b'Toulouse',1,32
463024,bhavesh123,b'Mumbai',0,0
463029,amitsatapathy,b'Redmond',0,2
463032,strategit,b'Skvde, Sweden',0,0
463035,devty,b'San Francisco, CA',10,4
463038,cogdog,b'Strawberry, AZ',25,27
463042,wpstudio,b'Washington DC',10,87
463044,wiapps,b'Berlin',0,1
463055,ilytra,b'Bonn, Germany',1,1
463056,dgriff1,b'Boulder CO',2,24
463061,lilyFromMars,b'Los angeles',3,2
463065,soomro,b'Sweden',17,53
463066,tumd,b'Malml, Sweden',0,5
463068,electricpocket,b'United Kingdom',2,13
463078,qxk23,b'Burlington, VT',8,0
463079,digimyth,b'Santiago, Chile',0,7
463083,diogorighi,b'Natal, RN',7,22
463092,marceloemanoel,b'Brasil',47,40
463095,xhezairi,b'Vienna, Austria',23,32
463103,garcimouche,b'Montreal',1,14
463105,PAkerstrand,b'Sweden',0,16
463108,Illution,b'Copenhagen',0,1
463114,picuous,b'Paris, France',3,4
463115,hisi,b'Austin, TX',0,0
463123,danielmrey,b'London',0,0
463126,Bkitejohnson,b'Davis, CA',1,3
463129,yvann,b'Ho Chi Minh City, Vietnam',8,4
463133,milanagatonovic,b'London',1,1
463135,flopezluis,b'New York',12,23
463136,GuidoSchmidt,b'Hockenheim, Germany',13,32
463142,frayam,b'Washington, DC',1,0
463149,jennschlick,b'Cambridge, MA',4,2
463152,tjstyle,b'Bogor, ID',70,27
463156,simonetripodi,b'Rome, Italy',30,32
463159,wreality,b'Lansing, MI',5,14
463160,cjyabraham,b'New York',1,4
463162,inspiLabtemp,b'Saigon, Vietnam',0,0
463176,akhaku,b'San Francisco',14,28
463177,Acvarium,b'Ukrain',1,7
463178,psirenny,b'Washington, DC',18,122
463186,arriolac,b'Berkeley, CA',45,53
463191,aarontam,b'San Francisco, CA',3,20
463192,tobywaite,b'Cleveland, OH',20,23
463193,tanema,b'Toronto Ontario',34,38
463194,keithstric,b'Douglasville, GA',5,9
463197,nikhilmh,b'New York, NY',1,1
463198,amjoe,b'San Mateoc',0,0
463199,musl,b'Hillsboro, Oregon',2,20
463202,mraulim,b'Prague',1,4
463205,fyoshino,b'Florianpolis, Brazil',2,0
463210,rschroder,b'San Francisco',0,5
463214,UnicornTech,b'Chennai',0,0
463216,jcalebcollins,b'New York City',9,13
463221,jAndreas,b'Germany',10,7
463222,Ham6,b'China',2,0
463224,ivanmarquez,b'Colima, Mxico',2,4
463225,MaThGo,b'Germany',7,23
463230,taylorotwell,b'Arkansas',6363,2
463231,rockhowse,b'evanston il',8,98
463236,jodahl,b'Eden Prairie, MN',0,0
463238,dsimandl,b'Brooklyn, NY',3,28
463239,slonoed,b'Moscow',16,63
463242,nvincent,b'Paris, France',1,2
463245,meegenius,b'New York, NY',0,3
463248,roxgentile,b'San Francisco, CA',0,0
463252,BrianDiggs,b'Portland, OR',14,16
463256,ianburnette,b'Boston, MA',0,27
463260,nukotoys,b'San Francisco, CA',0,0
463261,mirandarensch,b'seattle, wa',1,0
463275,barmonger,b'Denmark',0,2
463276,zdanozdan,b'Wojskowa 3/L4 Pozna, Poland',1,53
463279,curuc,b'So Paulo, SP, Brasil',0,0
463287,fastmanu,b'Vannes',2,4
463298,RedMadRobot,b'Moscow, Russia',0,24
463300,tabbott,b'Saint Louis, MO',8,12
463307,sillage,b'Paris, France',1,10
463310,mwilke01,b'Rochester, NY',0,1
463313,erudenko,b'Melbourne',4,55
463315,KelseySheely,b'United States',1,1
463317,altryne,b'SF',97,38
463318,karhidle,b'Costa Rica',0,2
463325,hcanovas,b'Sabadell, Barcelona',0,0
463331,grudge61,b'Palermo',0,0
463332,jamesjenner,b'Brissy',6,16
463334,aconn,b'San Francisco, CA',0,0
463339,james-jenner,b'Brisbane',0,0
463340,somabc,b'London',0,4
463341,mrka,b'Cologne, Germany',3,5
463342,dkasak,b'Croatia',2,54
463344,nicholsn,b'Menlo Park, CA',29,83
463347,joshroth21,b'Los Angeles, CA',1,3
463358,bjarkebm,b'Copenhagen',0,7
463360,mattknapp,b'NYC',0,5
463361,alangarcia,b'New York, NY',1,0
463365,Desenvolve,b'Porto Alegre, Brasil',0,2
463368,simonjoom,b'france',0,5
463376,yusufm,b'San Francisco Bay Area',0,5
463382,CoffeeBanana,b'Poland',0,0
463384,ilyals,b'Moscow',0,0
463390,Tsiba,b'Ukraine, Kyiv',0,0
463392,arthur-c,b'Paris',0,7
463393,shanemd,b'Ann Arbor, MI',0,5
463394,ThorrenKoopmans,b'Canada',1,0
463395,mixedreality,b'Birmingham',0,1
463396,scottandrus,b'Nashville, TN',9,22
463397,Appboy,b'New York City',0,19
463401,rcoppolo,b'San Francisco',5,49
463403,dazerdude,b'Seattle, WA',1,4
463404,LeonardoXavier,b'Nevada/CA',0,9
463413,ukdirector,b'London, England',0,0
463417,tyagi15aug,b'Duarte',0,1
463420,applestump,b'Wales',3,9
463422,IRLeif,b'Oslo, Norway',9,35
463424,Fagulhas,b'Portugal',16,8
463426,DMinsky,b'Minsk, Belarus',1,3
463427,hirokimori,b'Richmond, BC, Canada',0,1
463433,dudesl,b'San Luis, Argentina',10,22
463442,marcioferreira,b'So Paulo',14,15
463447,lukascaraujo,b'Belo Horizonte/MG - Brasil',0,1
463455,jmedeiros,b'maryland',0,0
463456,alamottemitchell,b'Palo Alto, CA',3,2
463460,tangphillip,b'New York',12,22
463462,donflopez,b'Spain',27,55
463482,msleeper,b'Atlanta, GA',0,2
463484,aldenks,b'Boston, Seattle',20,19
463490,kennyadr,b'Waterloo, ON',6,0
463520,dwijonarko,b'Indonesia',5,25
463526,sleclerc,b'Martinsville, NJ',0,0
463528,artburkart,b'Boston',22,55
463529,s2ugimot,b'Tokyo, Japan',4,16
463531,laprej,b'Troy, NY',18,17
463532,grachlin,b'New York',0,2
463538,doctaweeks,b'NY',9,30
463543,jwright6323,b'Berkeley, CA',4,10
463545,sijiangong,b"Xi'anShan'xiChina",2,4
463551,hieuvo,b'HCM, Vietnam',4,19
463572,JoeyButler,b'SF',9,18
463574,johnmcadavid,b'Colombia',0,1
463576,lfbvyo,b'Costa Rica',6,6
463577,roycehaynes,b'Denver, Colorado',37,13
463580,coldhawaiian,b'Honolulu, Hawaii, USA',18,88
463581,derbiter,b'Lansing, MI',5,3
463584,haaja,b'Helsinki, Finland',8,18
463590,sborsody,b'California',0,1
463598,MikeFried,b'Christchurch, NZ',2,1
463602,udaykadaboina,b'Boston',16,67
463604,rlsteelman,b'Dallas, Texas',0,0
463610,spoonfork,b'Kuala Lumpur, Malaysia',0,0
463617,xqpmjh,b'GuangZhou GuangDong China',10,4
463618,nmalabs,b'Canberra',0,0
463620,kitemao,b'beijing',11,46
463621,namili,b'Shanghai',0,3
463622,ral,b'Bay Area',0,1
463625,RamyaUK,b' INDIA',0,0
463630,erikformella,b'Medford, MA',12,22
463637,kmsm,b'Toronto, ON, Canada',2,2
463642,Pyrolistical,b'Vancouver, BC',10,21
463654,atthakorn,b'Bangkok, Thailand',1,1
463657,keesun,b'Seattle, WA',166,59
463661,PedroFelipe,b'Natal, RN - Brazil',47,36
463680,danreb,b'Philippines',7,14
463685,chrismbarr,b'Rome, GA',16,42
463686,vladski,b'Sydney',0,6
463693,chrixian,b'Fort Worth, TX',11,2
463697,nhereveri,b'Easter Island, Chile',1,0
463698,vector623,b'Atlanta, GA',0,2
463699,twomile,b'Denver, Colorado',4,4
463703,jeffbcross,b'Mountain View, CA',520,166
463704,pantao,b'Beijing',19,4
463706,larrymay,b'Port Washington, NY',0,0
463707,bgalakazam,b'Bay Area, California',0,0
463711,sitansu,b'India',0,1
463714,rabiashbabir,b'Pakistan',0,0
463722,chat-up,b'International',0,0
463725,bagerathan,b'Jaffna, Sri Lanka',0,2
463742,if6was9,b'Bay Area, CA',10,32
463745,chat-up-germany,b'Deutschland / Germany',0,0
463746,ishanagrawal,b'Singapore',2,5
463747,dantswain,b'Rochester, NY',17,50
463753,dspattison,b'IRV',2,21
463757,openArms,b'India',0,3
463758,aleator,b'FInland',13,23
463761,OzGoober,b'Australia',0,0
463764,jakecarpenter,b'the Internet',4,19
463765,rickyd1,b'Honolulu, HI',0,7
463770,mnoble01,b'Cambridge, MA',5,6
463775,nazieb,b'Jakarta, ID',7,18
463776,ChristophPacher,b'Vienna',1,3
463786,JanVanRyswyck,b'Belgium',21,9
463787,prumsambath,b'Shakopee, MN',7,27
463790,cmoulliard,b'Belgium',72,101
463805,Minamirb,b'Osaka, Japan',3,17
463813,dakick,b'Istanbul',0,6
463817,satomicchy,b'Osaka, Japan',9,29
463820,ahelor,b'Wrocaw',0,0
463821,kedyyan,b'Beijing,China',1,48
463825,ranacse05,b'Dhaka , Bangladesh',0,7
463829,seamoon,b'China',0,3
463831,nattster,b'Bangkok, Thailand',3,12
463832,manelclos,b'Spain',8,34
463836,hansenfreddy,b'Oslo, Norway',1,2
463840,RobertHeim,b'Aachen, Germany',7,12
463847,antidecaf,b'Oslo',1,2
463851,kertal,b'vienna',5,25
463856,ongardie,b'San Francisco',202,27
463857,matsukaz,b'Japan',34,18
463859,carlosvin,b'Luxembourg',6,29
463861,jakebiesinger,b'Irvine, CA',22,18
463863,alwyn,b'Atlanta, GA',1,5
463865,Forne,b'Russia',1,1
463867,benzkji,b'Biel/Bienne Switzerland',5,24
463873,sandeepkunkunuru,b'Boston, MA',8,19
463874,webvpro,b'Portland, Oregon USA',0,12
463876,adutra,b'Paris',11,12
463879,aldewereld,b'Delft, The Netherlands',1,2
463884,lcoq,b'Angers, France',7,23
463893,marimuthu,b'chennai',0,2
463896,thomaseitler,b'Austria',2,7
463899,fucknohtml,b'Australia',8,4
463900,olumytee,b'Lagos',0,6
463904,revathskumar,b'Calicut / Bangalore',261,88
463907,mokrinsky,b'Treviglio (BG)',1,6
463908,dplesca,b'Bucharest, Romania',4,22
463909,Lako,b'Duesseldorf',0,1
463914,frombunin,b'East Prussia',2,8
463917,blackbunny,b'Istanbul',7,22
463921,bertrandPages,b'Toulouse',0,2
463923,paullabonne,b'Toulouse',2,4
463931,EastDesire,b'Dublin, Ireland',2,1
463937,lorenzosu,b'Italy',1,1
463947,thisischris,b'Zurich, Switzerland',2,2
463958,tupolev,b'Berlin, Deutschland',7,14
463959,newtalent,b'Bulgaria',1,2
463961,amedee,b'Belgium',17,49
463965,koshtech,b'Rio de Janeiro/Brazil',0,22
463971,estrizhok,b'St. Peterburg',1,1
463977,MatthewHorton,b'Fort Worth, TX',1,5
463978,ayyappadhas,b'Trivandrum ',0,2
463991,ehaagwlke,b'beijing',5,7
463995,kobliha,b'Praha, Czech Republic',5,95
463996,dsarrut,b'Lyon',4,13
463997,jmead,b'Guildford NSW Australia',0,2
463998,savetheinternet,b'Australia',47,15
464000,clentdc,b'Austin',1,51
464001,mariobrauer,b'byhj',0,0
464010,chew,b'Paris',0,0
464011,phil-summit,b'Gateshead',2,0
464013,SummitDigital,b'Newcastle Upon Tyne, UK',0,1
464014,hroest,b'Palo Alto',3,51
464018,bskog,b'Norway',0,2
464024,mike-mo,b'WA, USA',1,3
464029,kozi,b'Ruhrgebiet',1,20
464030,Kjue,b'Finland',1,0
464043,masterjus,b'Belarus',1,8
464051,mpcdata,b'Trowbridge, United Kingdom',0,2
464056,MarcusLlewellyn,b'Wisconsin, USA',0,1
464059,collectplus,b'London, UK',0,0
464061,CPlus,b'London, UK',0,13
464063,setezerocinco,b'Deutschland',2,11
464065,Theophile-Madet,b'Belfort',2,3
464068,salcedonia,b'Memmingen, Germany',0,7
464071,adzhikemalov,b'Ukraine, Crimea, Simferopol',0,3
464074,choseungbin,b'Seoul, South Korea',0,1
464076,alysyk,b'San Jose, California',0,5
464079,mdgweb,b'Dublin, Ireland',0,4
464098,xchose,b'Czech Republic',1,2
464101,PaddoSwam,b'The Netherlands',3,1
464103,zielu,b'Cracow, Poland',5,14
464120,egiegutierrez,b'Philippines',1,1
464121,antoniobrandao,b'Braga, Portugal',15,46
464123,ecgreb,b'Doylestown, PA',41,34
464134,pankaj4learn,b'chennai',0,0
464137,mafin,b'Prague, Czech republic',0,8
464139,EWERK-michaelstach,b'Leipzig, Germany',0,0
464143,mi2oon,b'Denmark',13,12
464145,staeff,b'Berlin',10,74
464150,sebschub,b'Berlin, Germany',9,10
464152,mariusGundersen,b'Oslo, Norway',43,88
464154,fagianijunior,b'Fortaleza, CE',2,24
464164,lolski,b'Singapore',8,11
464165,glhasson,b'Switzerland',0,1
464166,horros,b'Tampere, Finland',4,5
464180,adnandoric,b'Paris',6,12
464186,christophemaillot,b'bordeaux, france',2,4
464192,joernhees,b'Germany',16,48
464193,andylolz,b'London, UK',53,92
464202,gandisama,b'Poland, Olsztyn',10,0
464203,pemmoura,b'Campinas SP Brazil',0,6
464204,cityindex,b'London, UK',0,34
464207,intellifactory,b'Budapest, Hungary',0,70
464208,cell911,b'Gainesville, FL',1,2
464211,christopherrobin,b'Indianapolis, IN',1,2
464213,SeriousMa,b'Beijing,China',1,3
464215,xijiao,b'Beijing, China',1,1
464216,CyrilMazur,b'Cebu City, Philippines',1,17
464226,fosil,b'Czech Republic',0,14
464229,fritzdenim,b'Van Nuys, CA 91405',5,26
464230,amardomingo,b'Madrid',9,13
464235,coderedhead,b'06415',0,38
464236,ioncontrol,b'Global',0,1
464239,nambi,b'New York,NY',0,4
464242,kingso,b'Haverfordwest, Pembrokeshire',0,2
464243,nechaevv,b'Moscow',3,13
464248,bholst,b'Freiburg im Breisgau (Germany)',8,9
464251,robertocarvajal,b'Via del Mar, Chile.',9,4
464253,robert-martens,b'Canada',3,3
464254,freedev,b'Milan',4,33
464258,dogandrooster,b'San Diego',0,5
464270,rise-worlds,b'china',7,36
464277,smyers,b'350 Hudson Street, New York NY 10014',0,1
464279,benjabbawy,b'Boston',0,0
464282,ccummings,b'Kitchener, ON',20,16
464285,Ariel-Rodriguez,b'Argentina, Buenos Aires, Mar del Plata',1,5
464289,fscarborough,b'USA',1,7
464291,ProtectedVoid,b'Raleigh, NC',0,4
464295,JKazura,b'Durham, NH  USA',0,0
464299,zihaoyu,b'New York, NY',11,10
464300,andreruffert,b'Frankfurt (Main), Germany',53,44
464303,y0shipwnz,b'Augsburg, Bavaria, Germany',0,0
464304,JoeyPepperoni,b'Toronto, Canada',0,1
464311,willll,b'Montral, Canada',1,1
464312,cozza13,b'United States',3,10
464319,grahammorley,b'Newcastle, UK',5,4
464320,RomainPiel,b'London, UK',421,49
464321,caligo-mentis,b'Moscow',1,13
464322,bartdag,b'Montreal, QC, Canada',30,17
464327,michaelestrin,b'Austin, Texas',0,0
464328,brogalski,b'Brooklyn, NY',2,0
464330,mcxiaoke,b'Beijing, China',1553,47
464332,essigt,b'Karlsruhe, Germany',1,4
464333,andreina,b'Buenos Aires, Argentina',0,0
464341,sgmendez,b'Madrid',2,23
464350,moustachu,b'Paris',10,12
464353,luispmiranda,b'Porto, Portugal',28,10
464356,californiaroll,b'Saint Louis, MO',0,4
464357,valentin-nemcev,b'Russia',3,20
464358,Niko-r,b'Montpellier, France',0,16
464360,andreipak,b'Ukraine',11,105
464361,hjssena,b'Cascavel-PR',0,0
464364,plazom,b'Prague',0,0
464370,aftermath-vc,b'New York City',0,1
464375,mgaunard,b'London',6,22
464376,gtqgtq,b'Stockholm, Sweden',3,1
464379,scottleaw,b'Singapore',1,1
464389,brian-c,b'Chicago  Oxford',19,55
464390,longkaty,b'shenzhen china',0,2
464391,niknjegovan,b'Chicago, IL',2,1
464394,larsbutler,b'Zrich, Switzerland',17,115
464396,alycecil,b'United States',4,20
464404,foobarlab,b'Augsburg, Germany',1,4
464406,olarn,b'Bangkok, Thailand',2,18
464409,jeffreyrr,b'San Francisco, CA',2,8
464415,adanilova,b'Moscow, Russia',2,2
464416,carranzafp,b'Mexico',2,4
464420,himafacebook,b'New Delhi',0,3
464423,NemesisVex,b'Seattle, WA',1,30
464425,g9020,b'Port Hueneme',2,6
464428,dudulacerda,b'Salvador, BA. Brasil.',1,3
464429,Visualq,b'Netherlands',3,3
464435,0sung1,b'South Korea',4,7
464441,hawkrives,b'Minnesota, USA',24,88
464444,huysal,b'Ulm, DE',2,0
464447,mike-engel,b'Longmont, CO',19,16
464448,stianhj,b'Bergen, Norway',3,1
464450,deavon,b'San Francisco, CA',8,8
464451,cblair,b'Moscow, ID USA',1,22
464453,igorglotov,b'Menlo Park, SF Bay Area',5,12
464457,drupalmodule,b'Austin, TX',1,10
464458,idachev,b'Bulgaria',7,2
464461,amontenegro,b'Costa Rica',4,4
464463,semudu,b'stanbul',9,14
464468,tudo75,b'Rome, Italy',1,8
464472,sqrn,b'Sochaczew',0,14
464480,grendaseba1,b'Bandung',0,0
464482,spikeheap,b'Oxford',14,42
464483,cobaltolabs,b'Bogot, Colombia',3,5
464487,hduregger,b'Austria',1,5
464492,angrycub,b'Tallahssee, FL',9,32
464493,rjsmelo,b'Dublin',3,30
464499,KELightsey,b'United States',0,4
464502,TheSpend,b'Athens, GA',3,4
464508,jeffbobula,b'NYC',0,1
464509,dfratte,b'MDZ, Argentina',0,2
464511,misterku,b'Moscow, RU',6,1
464513,aztecapps,b'United States',0,3
464516,cihancimen,b'Burlingame, CA',2,4
464519,mircealungu,b'Bern, Switzerland',13,31
464520,qasimsqm,b'Lahore, Pakistan',0,4
464521,sstraus,b'Asolo TV',1,20
464531,aaronmccall,b'Sandpoint, ID',28,73
464538,JStradtman,b'St. Paul, Minnesota',0,0
464545,kstarski,b'Poland',20,5
464549,linepogl,b'Paris',1,10
464558,offshore,b'Russian Federation',2,2
464561,petrohi,b'Palo Alto, CA',22,9
464563,forcedotcom,b'San Francisco, CA',0,102
464565,coding-chimp,b'Berlin',4,15
464569,mergeweb,b'Greenville, SC',3,8
464570,cbfranklin,b'United States',8,46
464571,auspex,b'Musquodoboit Harbour, NS',3,12
464574,ZevEisenberg,b'Boston, MA',41,50
464577,ckarcz,b'NYC',2,17
464578,tiemez,b'Ulft, Netherlands',3,1
464580,karpinsn,b'Ames, IA',11,22
464582,clintberry,b'Utah',43,38
464583,gfred,b'Hamburg, Germany',8,7
464589,trondkla,b'Trondheim, Norway',13,34
464594,realistiQ,b'Las Vegas, NV USA',1,0
464596,frow,b'Munich',1,9
464597,weitzner,b'Baltimore, MD',21,8
464599,Cito,b'Heidelberg, Germany',4,31
464602,arr-dev,b'Kragujevac, Serbia',0,22
464605,waustin,b'Little Rock, AR',4,22
464614,mindloaf,b'San Francisco',3,0
464623,lkrzanik,b'Krakow, Poland',1,0
464625,kiike,b'Barcelona, Spain',4,24
464629,jeffesp,b'Columbus, OH',0,21
464632,gonzzor,b'Sweden',9,9
464636,Stupidus,b'France',1,7
464639,jsvana,b'California',26,40
464645,Aleksandar123,b'Gevgelija, Macedonia',3,5
464648,austin987,b'Austin, TX',5,18
464655,nwolek,b'Florida, USA',11,2
464659,jimmidyson,b'Romsey, UK',43,121
464663,alexa-infra,b'Stuttgart, Germany',8,21
464670,tamimitchell,b'Logan, UT',1,8
464673,JDqv,b'Riga, Latvia',2,1
464679,dakotasmith,b'Austin, Texas',18,5
464680,maximsch2,b'Seattle, WA',1,32
464682,codyangell,b'Grand Rapids, Mi',0,0
464684,jefflagasca,b'Brooklyn, NY',0,0
464687,nicosuave,b'Irvine',16,31
464689,ksex,b'New York, NY ',9,4
464693,sonofskywalker3,b'Greenville SC',0,3
464699,carbontwelve,b'United Kingdom',20,60
464703,Guiswa,b'Seattle, WA',9,4
464704,AlexSzatmary,b'Baltimore',1,3
464707,newmanatee,b'Charleston, WV',0,0
464709,unacowa,b'japan',0,9
464711,jtobias,b'Sunnyvale, CA',0,0
464714,domid,b'Siepraw 171, 32-447 Siepraw',1,0
464725,troyh,b'Seattle, WA',0,23
464727,maciejgryka,b'Potsdam, Germany',7,22
464728,hansonsolutions,b'Sewell, NJ, USA',0,0
464731,sugarinternal,b'Cupertino CA',0,0
464732,jwegner,b'Germany',1,17
464734,wmcbee,b'USA',3,1
464735,mutualmind,b'Dallas, TX',0,1
464739,stebee,b'Redmond, WA',0,5
464742,pfm,b'Buenos Aries, Argentina',0,1
464744,LOLsim,b'Kuala Lumpur, Malaysia',1,0
464745,gbodet,b'Paris',3,5
464746,yeeland,b'Austin, TX',6,5
464758,diegocmsantos,b'Fortaleza, Ce - Brasil',3,35
464760,smbriones,b'Chicago, IL',27,3
464761,andredublin,b'Charleston, SC',45,29
464763,bstpierr,b'Waterloo, ON',34,0
464765,Unfettered,b'Hammond Louisiana',3,2
464766,PASSELAIGUE,b'Paris (France)',0,0
464768,bonbishu,b'Canada',1,0
464770,vis81,b'Lund, Sweden',0,3
464771,AomiArmster,b'Los Angeles',0,0
464774,chambo,b'Austin, TX',1,0
464777,marcodeseri,b'bologna',0,7
464781,philrandal,b'Worcester, UK',1,7
464789,jbhg,b'Boston, MA',6,23
464795,waldobronchart,b'US',26,9
464798,jfalcone,b'Half Moon Bay, California',0,1
464799,wonja,b'San Francisco, CA',9,14
464805,VickanBlom,b'Malm, Sweden',2,1
464807,sivasivakolunthu,b'Montreal, QC',0,0
464815,FirestormX,b'Toronto, Ontario',0,1
464819,cotocisternas,b'Santiago/Chile',7,26
464822,giladgray,b'London, UK',19,53
464825,eluiandil,b'Russia',0,1
464835,lightos,b'Canada',49,7
464837,p3rl,b'Stockholm',4,5
464838,mwhuffman,b'Orlando, FL',0,0
464848,cschramm,b'Munich, Germany',12,38
464857,jeffomatic,b'Berkeley, CA',15,28
464858,Vitsaus,b'Finland, Jrvenp',5,5
464859,enixu,b'United Kingdom',0,2
464864,tanem,b'Wellington, New Zealand',20,69
464883,shade304,b'Beckley, WV',0,0
464887,iDanScott,b'United Kingdon',9,11
464888,raphaelabrams,b'Booklyn, NY, USA',9,9
464890,JacksonAlexandr,b'Chattanooga, TN',0,1
464891,korbatz,b'Berlin/Germany',0,1
464892,NickMilner,b'United Kingdom',0,0
464895,ckniffen,b'Kansas City',21,17
464898,pitman,b'Berkeley, CA, USA',1,0
464900,simonprev,b'Quebec, QC Canada',27,38
464901,ekeever1,b'Eugene, OR',2,1
464903,aseovic,b'Tampa, FL',12,7
464905,jmdemoor,b'Aiea, HI',1,1
464906,AnotherYeti,b'Boulder, CO',0,4
464922,Umecan,b'Montevideo, Uruguay',0,2
464924,frkssk,b'Istanbul',0,1
464926,pabo,b'United States',1,12
464928,dougjohnson,b'Newcastle, UK',11,25
464929,sgconsulting,b'Siena, Italy',0,6
464933,yazgazan,b'France',4,40
464941,llonergan,b'San Carlos, CA',1,0
464942,dave1,b'Ann Arbor, MI',0,1
464946,superic,b'San Francisco',6,10
464951,danieljpost,b'Bloomington, MN',3,3
464954,moci,b'Belgium',0,4
464958,mirmousaviii,b'Tehran, Iran',39,26
464971,ParkerK,b'Seattle, WA',12,8
464974,vikingkarwur,b'Indonesia',9,38
464978,alejandronanez,b'Colombia',31,37
464989,lastorset,b'Oslo, Norway',12,32
464994,SimBeSim,b'Eindhoven Netherlands',0,2
464998,frosch95,b'Neckarwestheim, Germany',5,3
465004,amejorado,b'Ave Eugeion Garza Sada Sur 2501 Mty NL Mexico',6,12
465005,gnaces,b'Santiago, Chile',9,26
465007,robmadden,b'Seattle, WA',16,9
465008,daslicht,b'Germany, Cuxhaven',6,135
465014,aaroncole,b'San Francisco, CA USA',1,17
465015,moon6pence,b'Daejeon, Korea',1,24
465020,heathmedia,b'San Francisco, CA USA',1,5
465021,bochkarev,b'Moscow, Russia',5,3
465024,rezen,b'California',14,8
465028,dbuthay,b'San Francisco, CA',24,13
465031,Nightwolf42,b'Germany',7,6
465034,zeroknowledge,b'UK',0,0
465040,sivakatir,b'Washington, USA',4,7
465044,senthilrajatk,b'Seoul, South Korea',0,1
465045,ryan-williams,b'New York',27,53
465046,ssozuer,b'Istanbul/TURKEY',3,5
465049,plougy,b'Paris, France',38,5
465051,mauriciomdea,b'Rio de Janeiro, Brasil',10,13
465053,nextgreatplace,b'Denver, CO',0,4
465054,piratejon,b'Oklahoma City',9,47
465056,silasmontgomery,b'Chardon, OH',5,4
465064,MylesJohnson,b'New Hampshire, USA',0,1
465065,adampehapovsky,b'poland',0,0
465069,dstorey,b'Seattle, Washington',75,25
465073,w3wfr,b'Provins, France',0,38
465079,wasupwithuman,b'AZ',0,5
465080,samwood,b'Santa Cruz, Cali',1,0
465083,scaramelli,b'Brazil',0,0
465085,isleven,b'Wuhan, Hubei, P.R.China',3,6
465087,nebutch,b'Earth',0,0
465090,tevnin,b'NYC',2,8
465091,gabraham,b'Melbourne, Australia',7,6
465094,swiftyone,b'Aachen',5,3
465095,gracianani,b'Chicago, IL',3,23
465097,matthaltom,b'Boulder, CO',4,3
465103,dailybruin,b'Los Angeles, CA',0,1
465108,atomoc,b'',1,23
465112,WolfPackWB,b'Greenville, SC',0,0
465125,yesmeck,b'Hangzhou China',76,138
465127,racepace,b'hangzhou, zhejiang',1,0
465128,VaultHeadGames,b'Western New York',0,10
465132,kjdev,b'Asia/Tokyo',30,49
465133,overminder,b'Hang Hau, Hong Kong',36,47
465136,xpeng,b'China',0,81
465139,wankyu,b'Seoul Korea',1,6
465143,cloggy45,b'Liverpool',0,10
465152,friendika,b'Australia',25,0
465163,jeffgolden,b'Raymore, MO, USA',0,0
465165,obimod,b'Bay Area',14,75
465173,Liag,b'Uppsala',1,9
465180,Fewes,b'Sweden',1,1
465181,wzhao,b'beijing',0,18
465189,casa87,b'San Francisco',4,13
465214,AssyriaGameStudio,b'Middlesbrough',0,1
465225,B1ackZer0,b'New Delhi',0,1
465227,XTremeCoder,b'THAILAND',1,0
465228,lixiphp,b'Chengdu, China',8,23
465238,ocorpening,b'austin',0,12
465246,elong0527,b'New York City',16,8
465250,olivier-w,b'Toronto',4,6
465252,keshwans,b'New York, USA',15,148
465258,CampfireCoder,b'Wichita, Kansas',1,0
465261,banar,b'New Jersey',1,1
465263,stevearm,b'Bay Area, California',1,20
465267,aobo711,b'HangZhou China',12,18
465279,kraj,b'San Jose,CA USA',28,71
465280,Nex9,b'NewYork',0,27
465287,shen747,b'Colombo,Sri Lanka',0,1
465289,tedlee,b'San Francisco, Californa',32,30
465298,young1023,b'',0,6
465299,ANUSF,b'The Australian National University, Canberra ACT 0200, Australia',0,10
465302,bcapozzi,b'St. Louis, MO',0,17
465303,delan,b'Perth, Australia',40,52
465309,kyupark,b'Seoul, Korea',8,32
465310,mariusc23,b'Boulder, CO',8,29
465316,sirish,b'San Francisco, CA',0,2
465320,kimtoma,b'Seoul',0,3
465321,charleyt,b'Manhattan Beach, CA',1,2
465323,evitolins,b'Los Angeles, CA',17,25
465334,greenlion,b'Silicon Valley',46,28
465336,nimzi,b'San Diego, CA',4,11
465337,nathan-w,b'Canberra, Australia',0,5
465340,BlueDragonX,b'San Francisco, CA',18,59
465341,adeelyounas,b'United Arab Emirates',3,11
465345,jeffreydan,b'',0,0
465351,feicanfly,b'beijing',1,10
465358,xta,b'California & New York',46,69
465359,pschmidt88,b'Kassel',17,12
465363,harsh-aghicha,b'Goa',0,0
465364,EsotericAlgorithm,b'Vancouver, WA',0,8
465366,zhaofuyin,b'China',0,0
465370,samitbasak,b'Kolkata, India',0,0
465375,abnercyh,b'Taiwan',1,6
465377,mavenn,b'Portland, OR',0,2
465380,tziembo,b'Columbus, OH',0,1
465382,meghaklp,b'Bangalore',2,7
465387,kruben,b'Quito',0,0
465389,avandecreme,b'Gaithersburg, Maryland',8,14
465393,jkjuopperi,b'Oulu, Finland',10,27
465394,toufiq,b'Dhaka, Bangladesh',0,1
465399,golovasteek,b'Moscow, Russia',4,12
465400,cedricbonhomme,b'North Carolina',15,18
465414,patrickkettner,b'seattle',139,114
465422,grigoryk,b'Vancouver, BC',13,22
465424,carlwoodhouse,b'Sheffield',6,17
465428,belorios,b'Sweden',0,3
465434,smronju,b'Dhaka, Bangladesh',19,19
465443,r0xnet,b'Zaragoza',0,0
465444,baires,b'Buenos Aires',27,13
465447,djanssen,b'Nmes - FRANCE',1,9
465457,vasilenko,b'Moscow, Russia',2,6
465458,Jiigi,b'Seoul, Republic of Korea',0,1
465465,fseifert,b'Germany',1,2
465469,mstein,b'France',12,3
465470,edwardjohnson,b'Grants Pass, OR',0,2
465479,tobyyun,b'Seoul, Korea',6,3
465481,bbucko,b'Krakow, PL',1,36
465484,kitndirangu,b'Niairobi Kenya',1,1
465489,boykov,b'Khabarovsk, Russia',2,20
465503,obitoby,b'Sydney, Australia',0,1
465505,JurajKubelka,b'Santiago de Chile',1,10
465506,heliopsis,b'Lyon, France',0,54
465509,DaimonX,b'khm',1,5
465511,xulongnr,b'Nanjing',3,4
465513,alebaffa,b'Golfe Juan, France',12,42
465526,gozzy,b'Moscow, Russia',1,4
465527,majutsushi,b'New Zealand',56,17
465530,rollinginsanity,b'AU',4,12
465539,alibotean,b'Romania',6,1
465544,borriglione,b'Leipzig',16,42
465545,GuidoBesseghini,b'Milano',0,0
465548,xcompass,b'Vancouver, BC',11,55
465549,transfer8,b'Kristiansand',0,0
465550,ewels,b'Stockholm, Sweden',43,40
465551,asengupta,b'Bangalore',22,28
465552,Jmz,b'Newcastle Upon Tyne',2,12
465557,minimalart,b'Argentina',2,6
465558,sprhawk,b'Beijing',131,104
465562,r0ro,b'Paris',2,17
465565,alekseypindrus,b'Russia, Rostov-on-Don',5,0
465566,Kalli,b'London',14,9
465569,willtj,b'United Kingdom',1,5
465579,theforcedk,b'Denmark',0,4
465583,oliverhenlich,b'Auckland',0,4
465586,gjermundrg,b'Oslo, Norway',7,0
465588,fobtastic,b'Taipei, Taiwan',0,0
465590,carlosfilho88,b'Teresina, Piau - Brasil',7,7
465591,adairj,b'UK',3,1
465594,Topdam,b'France',0,0
465599,jkais,b'Hamburg',1,1
465602,jlming6,b'Beijing, China',1,17
465619,anadollu,b'Antalya, Turkey',4,2
465620,pekkis,b'Finland',26,44
465623,reincubate,b'London, UK',0,14
465629,toge,b'Yokohama, Japan',1,1
465632,increpare,b'London, UK',104,39
465634,rguimaraens,b'Salvador, Brazil',12,6
465640,selkovjr,b'Walnut Creek, California',0,8
465644,cyanid,b'Helsinki',4,3
465648,pedronunesc,b'Vila Nova de Gaia, Portugal',0,0
465649,bovan,b'Trondheim, Norway',3,13
465650,FrantzdyRomain,b'new Jersey',9,13
465652,spopovitz,b'Estonia',0,1
465659,allanp8,b'London',0,3
465663,Sthlm,b'Stockholm, Sweden',0,0
465668,ttornabene,b'PALERMO, ITALY',0,0
465671,nimmen,b'Vilnius',10,84
465677,Bigpet,b'Koblenz, Germany',14,18
465678,Letty,b'Berlin',44,5
465693,guanbeilang,b'China JiLin Changchun',0,7
465694,lelivero,b'Amsterdam',0,5
465696,carstenkiefer,b'Germany',1,3
465697,touyou,b'Japan',21,40
465698,benru,b'United Kingdom',1,3
465702,Naiku,b'Minneapolis, MN',0,4
465709,vivektikoo,b'India',0,9
465714,ThorstenHi,b'Berlin',4,8
465717,pauloconnor,b'Dublin, Ireland',21,69
465723,Miguel-Herrero,b'Madrid, Espaa',2,27
465725,Tala,b'Germany',5,8
465730,mo6,b'The Netherlands',0,2
465734,ndelaforge,b'Sophia Antipolis',4,3
465738,leandrod,b'Bralia, DF, BR',0,1
465739,DodgeHolls,b'Ireland',0,0
465741,br0k3,b'Chicago, USA',3,15
465742,eason929,b'Hong Kong',0,0
465743,krishnaprasad,b'Hyderabad, India',0,0
465745,sivashanmukh,b'Hyderabad, India',0,7
465746,RAR,b'Durham, NC',0,3
465752,sbagdat,b'Eskisehir, Turkey',106,11
465757,bchoquet-heliopsis,b'France',6,2
465758,emanuelsaringan,b'Zurich, Switzerland',8,16
465769,eddiej,b'Ireland',2,24
465771,ketchupgroup,b'London, UK',0,2
465777,blid,b'Krakw',5,11
465782,misman,b'Ankara, Turkey',1,0
465790,oomathias,b'Berlin / Toulouse / Remote',17,16
465797,PKJedi,b'Finland',7,15
465798,csarrazi,b'Paris area',57,28
465801,phyesix,b'Ankara',3,26
465802,sebskuse,b'Reading, UK',3,10
465806,gusega,b'Russia, Moscow',0,7
465807,parafont,b'Sweden',0,0
465808,guilhermesgb,b'Campina Grande',40,29
465814,mmaury-heliopsis,b'Lyon',0,7
465816,glangsto,b'Arbovale, WV',0,1
465817,ftorghele,b'Austria',19,21
465818,Jubjub,b'Spain',4,21
465824,nicolaevladescu,b'Bucharest',4,4
465825,simplybusiness,b'London (UK)',0,74
465826,Caleb-C,b'Denver, North Carolina (USA)',0,1
465827,jsawitsky,b'Milford, CT',0,0
465828,martyMM,b'Chicago',3,56
465836,Tetractys,b'Turin, Italy',0,0
465838,davidlesieur,b'Montral, Canada',6,10
465842,harrykar,b'World Wide man ;) ',0,3
465846,npme,b'aira city ,  kagoshima , JAPAN',0,0
465849,underscoretang,b'Oakland, CA',2,8
465860,MCeley,b'Winter Park, FL',1,1
465872,takinson,b'Toronto, Canada',0,0
465875,AlienAsRoger,b'Russia, Tomsk',0,71
465876,CreativeGS,b'Riga, Latvia',0,52
465878,SVydelingum,b'London, UK',0,0
465881,tiagofontella,b'Brazil',5,5
465883,esdutton,b'NYC',0,0
465885,noptic,b'Germany',1,17
465887,giannileggio,b'Dublin',1,9
465891,shangle,b'Sparta, MI',3,4
465893,yuriyk,b'Kyiv, Ukraine',2,0
465894,Suven,b'Essen, Germany',5,23
465906,alicemirror,b'Santa Eulalia del Rio - Balearic Islands - Spain',1,11
465912,patbolger,b'Dublin',0,0
465915,lppjunior,b'Rio de Janeiro',3,0
465923,Daniel-Mietchen,b'Jena',52,74
465932,gavinsmith,b'Toronto, Canada',16,6
465937,asimonet,b'France',2,16
465943,alesma,b'Malta',3,5
465946,litch,b'Miami, FL',7,65
465947,BouncingPixel,b'Houston, TX',0,16
465952,nshenry03,b'Westminster, CO 80021',4,18
465963,protron,b'Buenos Aires, Argentina',4,11
465965,Prodito,b'Argentina',1,5
465969,benashford,b'London, UK',18,32
465974,enemyradar,b'London',0,0
465976,marcelinho,b'Porta Alegre/ RS / Brasil',0,1
465977,urbanblight,b'Davis, CA',0,1
465989,devotis,b'Rotterdam, The Netherlands',5,19
465990,morenobryan,b'Curitiba, Brazil',0,2
465992,moroshigeki,b'Kyoto',0,1
465993,jesseward,b'.ca || .us',7,34
465994,ewichmann,b'Berlin',0,1
465996,hkjorgensen,b'San Francisco',21,14
466004,scognito,b'Italy',0,5
466006,mattmesker,b'Chicago, IL',11,0
466012,mauriziopinto,b'Dusseldorf',0,8
466014,adinn,b'Newcastle Upon Tyne, United Kingdom',18,13
466015,volpeo,b'Bordeaux / France',32,53
466023,jeff-hobbs,b'Vancouver, BC',7,0
466028,mclavelguzman,b'El Salvador',0,7
466033,willchan,b'San Francisco',10,5
466034,robbirob,b'Stralsund, Germany',0,7
466038,burakson,b'Berlin',19,7
466051,ProxomoAdmin,b'Dallas, TX',0,0
466054,jabit,b'Crdoba',2,3
466057,sugaishinobu,b'Yokohama, JAPAN',0,1
466072,tettarian,b'tokyo',2,4
466078,Argomirr,b'Netherlands',0,4
466081,notcoffeetable,b'Fort Collins, CO',2,25
466082,joshparolin,b'San Diego, CA',10,10
466083,rcarrieche,b'Porto Alegre, Brazil',11,2
466084,hozmur,b'Istanbul/Turkey',1,14
466088,iammikewilson,b'Amherst, MA',0,1
466092,jgrar,b'Sunshine Coast QLD Australia',9,16
466096,kenneyw,b'Austin, TX',3,9
466098,fnunez,b'Santiago, Chile',0,0
466102,rizal72,b'Italia',3,9
466103,CodeZombie,b'Canada',9,13
466104,jmoody,b'Germany',85,75
466105,sandinosaso,b'Montevideo, Uruguay',10,23
466112,galic1987,b'London',2,12
466113,martinlangeder,b'vienna',0,0
466115,ezimir,b'Budapest, Hungary',4,13
466122,Tekki,b'Glarus, Switzerland',4,15
466127,zehnergroup,b'Los Angeles, CA',0,15
466133,snip,b'Paris / Alps',4,8
466140,scarouso,b'Cambridge, MA',0,0
466146,flpgdt,b'Madrid',0,5
466148,flapan,b'Barcelona',0,0
466150,PadraigK,b'Vancouver, BC',20,14
466152,oocube,b'France',0,0
466155,jgbirk,b'New York',0,0
466158,brentc,b'Toronto, ON',5,14
466165,kcburge,b'Fort Worth, Texas',0,9
466166,tkubit,b'Sylvania, OH',1,1
466168,julieZhang,b'San Mateo, CA',4,2
466173,surajwaghulde,b'Santa Clara',2,6
466174,Osamadawood,b'Cairo, Egypt',0,0
466178,rmevans1,b'Myrtle Beach, SC',0,9
466180,r-ideas,b'Ukraine, Lviv',0,9
466192,jtp51,b'Farmington, CT',2,7
466196,New-Heights-Church,b'Vancouver, WA',0,3
466199,cmerdctech,b'Minnesota',0,10
466204,emcardoso,b'Brasil - MG - Ouro Preto',4,3
466211,arabesq610,b'Los Angeles, CA',7,17
466213,bourel,b'Europe, France, Brest',2,3
466217,txetxuvel,b'Madrid, Spain',0,1
466218,shuo,b'Taipei, Taiwan',1,3
466229,rhiaro,b'Edinburgh',31,62
466230,jamesp73,b'Saratoga Springs, UT',0,4
466245,steffenza,b'-',1,1
466254,pallazzo,b'Munich',0,4
466257,fyhring,b'Viborg, Denmark',5,8
466261,ronsiven,b'United States',0,0
466265,khale,b'Chicago, IL',4,10
466266,JasPanesar,b'Edmonton, Canada',8,12
466275,davehog,b'Portland, OR',1,2
466278,klocekPL,b'Cracow, Poland',15,9
466286,markyoung,b'Eden Prairie, MN, USA',3,4
466287,DustinEwers,b'Madison, WI',7,9
466297,jnevin,b'New York City, NY, USA',2,9
466301,nickistre,b'Louisiana, USA',5,22
466302,beastburn,b'Brooklyn',1,9
466306,ManoelAdriano,b'Campo Grande',0,0
466311,ivanych,b'Russia, Saint-Petersburg',3,12
466316,DoomDesign,b'Paderborn',0,4
466320,jned,b'Orlando, FL US',0,0
466323,ramshteks,b'Krasnoyarsk',4,26
466326,superlinkx,b'Walla Walla, WA',5,21
466328,DLab,b'Santiago, Chile',0,2
466329,reyman,b'France',17,23
466331,timcubb,b'NEW JERSEY',6,58
466332,tilden,b'Blacksburg, VA',5,11
466333,lithp,b'San Francisco, CA',17,11
466337,next-l,b'Japan',0,32
466338,DrScott,b'Tucson, AZ',0,1
466344,antom,b'Leeds, UK',3,4
466348,lyntondicks,b'Cape Town, South Africa',0,7
466349,rudidude86,b'Minnesota',8,9
466355,julienescueta,b'Vancouver',2,7
466361,sbmako,b'Houston, Texas',6,1
466364,gsmcmullin,b'Auckland, New Zealand',20,27
466365,artPlusPlus,b'Laurel, MD',3,11
466366,josiahkatz,b'Lancaster, PA',1,3
466367,arzafran,b'Mar del Plata',5,14
466368,cjgeyer,b'Minneapolis, Minnesota, USA',8,17
466371,djockin,b'NY',4,16
466377,velyo,b'Plovdiv, Bulgaria',1,19
466378,straight-shoota,b'Fulda, Germany',2,17
466380,linsomniac,b'Fort Collins, CO, USA',33,40
466382,VladimirMikhailov,b'Kazan',1,16
466386,netfirms,b'Bangkok, Thailand',4,75
466388,trunda,b'Prague',4,28
466392,gamugamu,b'France',1,15
466404,obaratch,b'Yokohama, Japan',1,5
466406,tpiha,b'Zagreb, Croatia',5,14
466419,F3553,b'Kalix, Sweden',0,0
466420,Karijn,b'Diemen',1,3
466421,samhakimi,b'Reston, Virginia',0,12
466422,corneil,b'Johannesburg, South Africa',1,56
466424,dpolishuk,b'Moscow',34,64
466426,ptepper,b'San Francisco, CA',0,3
466428,haidark,b'United States',0,11
466429,frederikhermans,b'Uppsala, Sweden',1,17
466434,phsyckr,b'With The Thinker',0,2
466437,sasair,b'Beijing, China',0,0
466438,kirk4224,b'Shanghai',0,1
466442,lemming552,b'Kanab, UT',8,6
466445,bungmaster,b'Canada',1,0
466453,rubiks,b'San Francisco',1,1
466460,elahd,b'New York, NY',1,2
466468,rongtforge,b'Santa Barbara, CA',0,0
466469,garadox,b'USA',4,1
466471,bobhall,b'Seattle, WA',1,6
466479,mattematica,b'Alameda, Ca',0,6
466480,YogaToday,b'Jackson, Wyoming',0,0
466481,beevik,b'Seattle, USA',7,18
466486,gx2g,b'Hollywood, CA',0,1
466493,jsteiner,b'Boston, MA',63,41
466498,jbloggs,b'Calgary, Alberta, Canada',0,0
466499,piratadelfuturo,b'Mexico',2,5
466500,jhawver,b'Detroit, MI',5,0
466505,moezb,b'Tunisia',3,2
466507,fshsweden,b'Mackmyra, Valbo, Sweden',2,38
466512,wizardconsulting,b'Agoura Hills, CA',0,0
466513,736,b'London, UK',0,5
466521,greggiacovelli,b'SF',3,20
466523,pernillan,b'Stockholm, Sweden',2,0
466530,fishbein,b'Hoboken, New Jersey',15,14
466532,lorea,b'Low Earth Orbit',0,89
466533,asthasr,b'Charlotte, NC',3,7
466538,Keshoon,b'Canada, eh?',0,2
466546,ronocod,b'Dublin, Ireland',6,14
466548,dlandau,b'Portland, OR',1,11
466556,shiwork,b'Tokyo',9,22
466560,petergeller,b'Cologne, Germany',3,0
466561,bhinebaugh,b'Boston',4,9
466570,pjklimtx,b'Bellevue, WA',0,0
466575,korhankaya,b'Istanbul',1,1
466576,mikomize,b'Wroclaw, Poland',4,11
466582,liorsaar1,b'San Francisco',6,15
466584,simook,b'Portland, Oregon',7,33
466585,sensescape,b'San Francisco, CA',9,3
466588,blackoutjack,b'Madison, WI',0,10
466591,biglazy,b'Wuhan. China',7,4
466605,justinrummel,b'DC Metro Area',30,11
466609,danielgrycman,b'Bochum / Ennepetal',4,48
466625,jeffehobbs,b'Hatfield, MA 01088',19,22
466627,marlena23,b'Mobile Alabama',0,0
466629,saintbump,b'United States of Oh Shit',0,19
466633,jbsilva,b'So Carlos / Aachen',28,18
466641,Ravenwater,b'El Dorado Hills, CA',2,47
466645,afiedler,b'Washington, DC, USA',8,35
466647,savagejen,b'Austin, TX',42,10
466648,ghv,b'Washington D.C.',9,7
466652,damianmarti,b'Buenos Aires, Argentina',3,6
466659,wangdechang119,b'nanjing, jiangsu, cn',0,0
466661,russ1985,b'Flordia USA',15,9
466667,TimothyYang,b'Cambridge, MA',1,6
466671,amartani,b'United States',1,8
466674,nwest,b'Detroit, Michigan',33,57
466682,Sanjit,b'UK',1,2
466686,Forns,b'Redondo Beach, CA',9,9
466689,vwong,b'Melbourne, Australia',0,3
466696,mpellegrini,b'Southbury, CT',8,12
466699,stevepepple,b'San Francisco',4,25
466706,midashuang,b'Taiwan, Kaohsiung',3,3
466713,pcgeek86,b'Fort Collins, Colorado',72,29
466716,yoshi0309,b'Tokyo, Japan',0,5
466722,oksushi,b'Melbourne & Sydney',24,23
466728,WesleyTseng,b'Taiwan/Taipei',0,4
466730,pdot86,b'Alexandria, VA',4,7
466734,DEN-TANAKA2,b'',0,0
466739,tanisawa,b'Tokyo, Japan',1,0
466747,scottrogowski,b'San Francisco',3,8
466751,markneves,b'San Francisco, CA',16,7
466760,pdg137,b'Las Vegas, NV',20,60
466761,NatalieWolfe,b'Portland, OR',11,21
466764,DavidEGrayson,b'Las Vegas, Nevada',43,75
466765,mattab,b'NZ/FR, Planet Earth',125,11
466767,nesnil,b'Shanghai',0,0
466775,yusenhan,b'Shanghai, China',8,20
466779,xeenet,b'xiamen,fujian',1,4
466783,wbuthod,b'Oklahoma',0,0
466793,jerry-sjtu,b'',2,27
466794,LifeWanted,b'San Francisco, CA',0,16
466800,bzalasky,b'Boston, MA',15,60
466801,aelesbao,b'Berlin, Germany',5,18
466804,tub78,b'New York City',8,17
466805,omercs,b'Redmond, WA',8,89
466807,joecdr,b'Phnom Penh and Kuala Lumpur',0,1
466808,lanhle,b'Ho Chi Minh',1,3
466809,mzw,b'Tokyo, Japan',4,16
466812,arunpallisseri,b'Kochin',0,1
466825,shiisa,b'shanghai',0,1
466829,rondemara,b'CT',0,3
466830,rabahs,b'Sunnyvale, CA',5,9
466838,aarossig,b'Mountain View, CA',229,7
466841,mtholking,b'San Diego, CA',1,7
466845,yamamoto-takashi,b'Tokyo',0,0
466846,catalanojuan,b'Buenos Aires, Argentina',14,21
466851,mikeatmarvel,b'Detroit',0,0
466859,joephuy,b'Shenzhen',0,1
466873,andrewpurcell,b'San Francisco, CA',15,13
466875,tyarrish,b'Southern Oregon',10,9
466878,geeknik,b'Oklahoma City, OK, USA',9,14
466879,samgro,b'New York, NY',9,25
466881,sleighter,b'Baltimore',5,24
466883,EZWrighter,b'Vancouver, WA',1,11
466887,zinkem,b'Spokane, WA',7,15
466894,armano,b'Cebu',0,0
466898,lin1shu,b'Mountain View, CA',0,5
466899,rodgerd,b'Wellington, New Zealand',0,4
466901,theelfismike,b'New York City',18,26
466914,iorme,b'Sleman, Yogyakarta',6,10
466920,kharvd,b'Voronezh, Russia',13,23
466925,dmonakhov,b'Moscow',36,30
466926,raccoony,b'Japan',0,1
466929,Jkirsher,b'Portland, OR',6,3
466932,metalspawn,b'Sydney, Australia',0,12
466941,pR0Ps,b'Ottawa, ON, Canada',26,46
466944,mohdovais,b'New Delhi',3,6
466948,j12n,b'Vancouver, BC',7,15
466949,daxiniu,b'China',0,2
466955,elarex,b'South Africa',0,1
466961,kovalenko,b'Belarus, Minsk',0,3
466968,mjohnst,b'Los Altos, CA',2,6
466972,radj,b'Cebu City',8,15
466973,michael-crawford,b'Santa Barbara, CA',0,0
466978,sebbarg,b'Denmark',0,3
466983,ramkrsna,b'Pune India',19,14
466984,justclint,b'Southern California',0,11
466985,iyjian,b'shanghai',2,13
466989,sungeunbae,b'University of Canterbury, Christchurch, New Zealand',2,18
467005,rgshaw,b'206 Ecology',0,0
467009,hypebeast,b'Munich',10,62
467016,magnezi,b'Sydney, NSW, Australia',3,12
467018,micahb,b'San Francisco, CA',0,4
467023,theJC,b'Austin, TX',0,2
467026,filipgorczynski,b'Poland, Poznan',6,16
467030,walmik,b'San Francisco Bay Area',30,16
467031,nawijn,b'Netherlands',0,1
467035,privatebox,b'New Zealand',1,2
467044,port8000,b'Regensburg / Germany',0,5
467048,GeorgHofmann,b'Halle, Germany',0,1
467049,mpartipilo,b'Netherlands',7,7
467056,LJNielsenDk,b'Aalborg, Denmark',2,8
467058,Scottedont,b'New Jersey',2,1
467059,gebba,b'Stockholm, Sweden',5,4
467065,ranthe,b'Denmark',0,0
467066,StrawMan,b'Nogi, Japan',1,1
467069,TurboGit,b'France',13,12
467079,kykl,b'San Francisco',1,29
467082,robmorrissey,b'London and Brighton',6,6
467086,steveluo,b'Shanghai',3,2
467087,0i0,b'Berlin, Germany',6,16
467096,myid,b'Denver, CO',0,0
467097,kapooostin,b'Saint-Petersburg, Russia',4,32
467103,rvkasner,b'Ukraine, Kharkov',1,1
467112,cadars,b'Berlin',3,0
467114,wolfgangrittner,b'St. Plten, Austria, Europe',1,3
467116,shikil,b'Hong Kong',2,4
467122,Turf,b'Sweden',2,0
467124,frak,b'London',11,14
467126,vineus,b'Paris, FR',14,11
467144,apeshape,b'Stockholm',5,9
467150,eemubertling,b'Tampere, Finland',0,1
467151,knelus,b'Emmen',1,5
467155,lindborg,b'Copenhagen, Denmark',0,4
467157,546F6E79,b'Russia, Yekaterinburg',1,2
467159,mlanin,b'Moscow',4,16
467160,zeilhofe,b'Munich, Germany',0,1
467161,cpoyraz,b'Istanbul / Turkey',6,3
467167,gouverney,b'Brazil',0,1
467168,robkaper,b'Rotterdam',2,2
467169,ik486,b'Cochin, India',6,6
467170,peterstyles,b'Melbourne',2,0
467177,DUGHH,b'Hamburg, Germany',0,2
467179,bzt,b'Europe',2,6
467182,mobilenuggets,b'Vevey, Switzerland',0,5
467183,armdev,b'Armenia',9,49
467189,wanlinzhu,b'Australia',0,2
467190,fredsterss,b'San Francisco',31,48
467199,kalverson,b'Eden Prairie, MN 55344',1,0
467208,chopeh,b'Copenhagen',5,1
467213,omero72,b'Bursa, Turkey',0,3
467215,xDavidLeon,b'Barcelona',4,7
467227,anetteha,b'Norway',1,1
467230,chetzof,b'EU',5,11
467232,bwangila,b'Nairobi, Kenya',5,2
467237,fournova,b'Stuttgart, Germany',0,12
467239,berndbaechle,b'Berlin',0,2
467243,Leapsight,b'United Kingdom',0,9
467251,ivankravchenko,b'New York, USA',36,21
467252,jason13,b'Taipei',0,0
467254,jorgesierra,b'Montevideo, Uruguay',9,23
467255,PyYoshi,b'Japan',42,111
467258,leog,b'Montevideo, Uruguay',9,28
467264,kumaranvram,b'Chennai, India',17,28
467267,moliveira7,b'Portugal',6,4
467271,tony2nite,b'Barcelona, Spain',4,31
467273,laurentdutheil,b'Paris',0,4
467275,gasbank,b'South Korea',5,1
467278,SteveFerrell,b'Eden Prairie, MN',2,0
467280,janosdios,b'Budapest, Hungary',0,6
467294,bastimeyer,b'Germany',28,7
467295,pfi,b'Tokyo',0,8
467298,hlaurent,b'France',0,2
467303,zlizta,b'UNNC',3,5
467305,skaasjager,b'Haarlem, The Netherlands',3,7
467306,ozair-kafray,b'Karachi, Pakistan',3,1
467314,pvardanega,b'Lausanne',15,20
467320,adamcyoung,b'Charlotte, NC',0,2
467326,Fumler,b'Gjvik',13,15
467331,binarylibrarian,b'Toronto',1,6
467333,sniperliu,b'Singapore',2,26
467335,heriman,b'Pondok Rajeg, Cibinong - Depok - Jakarta',0,8
467340,gurglet,b'Linkping, Sweden',9,8
467342,youngadam,b'Toronto - GTA',0,2
467345,Kimnooij,b'Amsterdam',0,1
467347,SakaiMakoto,b'Japan',0,0
467356,rdeutz,b'Aachen, Germany',42,44
467357,crea7or,b'Saint-Petersburg',1,6
467359,giovanniramos,b'Cuiaba, Mato Grosso',31,15
467360,krettere,b'Gaithersburg, MD',0,0
467361,dineshg,b'Australia',0,0
467370,wprice,b'Phoenix, AZ',3,17
467373,Lambik,b'Belgium',0,8
467374,pkol,b'Warsaw, Poland',0,6
467375,SlainVeteran,b'Cambridge, UK',0,2
467376,cribaudo,b'Jersey City, NJ',2,0
467382,paigecook,b'Atlanta, GA',3,10
467383,phreakazoid21,b'Waltham, MA',1,5
467390,anaximander,b'United States',13,32
467395,georgewalther,b'Argentina',1,5
467399,creamjiang,b'China',2,142
467403,marciobda,b'So Paulo',9,3
467408,agungf,b'Jakarta, Indonesia',8,23
467409,jimbauwens,b'Belgium',10,5
467411,fideloper,b'San Antonio, TX',523,61
467413,przybang,b'Odenton, MD',0,3
467421,DonnieEldridge,b'Tucson, AZ',0,0
467425,holgerdell,b'Saarbrcken, Germany',3,2
467429,simplecoder,b'Las Vegas, NV',0,5
467435,krugerdavid,b'Encarnacin, Paraguay',11,13
467438,grossman,b'Brooklyn, NY',1,8
467443,davidklaw,b'Detroit, MI',12,16
467450,rksm,b'San Francisco',98,68
467455,techleed,b'London, ON',0,1
467459,corneliorm,b'Chilpancingo Guerrero',2,1
467462,sprintstack,b'Planet Earth',0,4
467467,Y313,b'Poland',0,3
467468,ninthdivision,b'Omaha, NE',0,0
467469,mikecx,b'San Francisco, CA',7,10
467471,cmdalbem,b'Porto Alegre, Brasil',13,23
467472,joukokar,b'Yokohama',5,10
467487,kjantzer,b'Southern Oregon',13,23
467493,DarkFraud,b'Kirov',0,2
467498,jdewit,b'Vancouver, BC',69,120
467506,jared-dahl,b'Eden Prairie, MN, USA',3,1
467521,dziedmaroz,b'Minsk, Belarus',2,31
467522,bbias,b'Berlin',0,1
467525,dneary,b'Lyon, France',3,10
467528,ayumu,b'Tokyo',0,1
467531,iamviktor,b'Lviv, Ukraine',5,6
467532,jujucom,b'France (Niort)',0,0
467533,hamhoagie,b'Brooklyn, NY',4,14
467537,guntars,b'Riga, Latvia',0,5
467539,bryandeasis,b'Oshawa, Ontario',0,2
467540,aranno,b'Paris',0,2
467546,pguegan,b'Nantes, France',8,14
467549,comtastesrl,b'Rome, Milan, London',1,0
467552,Pinkilla,b'La cit des gants',5,11
467554,saidbakr,b'Egypt',0,15
467558,dmw,b'Santiago, Chile',25,8
467576,stanlick,b'St Louis, Missouri',0,5
467577,vargalas,b'London',0,12
467579,MaxguN,b'Evry, FR',2,20
467580,crowdscience,b'San Jose',1,0
467582,jorrizza,b'Eindhoven',10,19
467588,jvanmetre,b'Portland OR',3,2
467589,werner77,b'Amsterdam',30,9
467594,aneag,b'Cluj-Napoca',0,0
467603,scottsexton,b'Chicago, IL',15,13
467608,mzagozda,b'Malta',1,1
467615,masterok,b'',0,1
467617,ccaum,b'Portland, OR',30,81
467620,loxy,b'Dortmund, Germany',3,0
467627,erinspice,b'Huntsville, AL',38,26
467634,tsatishk,b'Lake Forest, CA, USA',0,1
467636,okinasevych,b'Winnipeg, Canada',0,5
467642,bunnyhero,b'Toronto, ON',7,36
467643,johmathe,b'San Francisco',9,27
467648,danrickert,b'Michigan - US',2,0
467655,ankushgoyal,b'San Francisco',9,22
467657,happyrobots,b'Somewhere',20,19
467659,mikeabrahamsen,b'Bozeman, Montana',7,5
467661,THemming,b'Warwick, UK',2,9
467671,bullium,b'Cincinnati, OH',0,2
467682,alpascual,b'Redlands, CA',50,96
467683,Joe8Bit,b'London, UK',56,121
467687,pedrohr,b'Palo Alto, CA',15,13
467689,lisarae,b'Winnipeg, MB, Canada',6,8
467695,jahewson,b'San Francisco Bay Area',23,40
467709,kpp,b'The Russian Federation',8,11
467711,tribouille,b'Toulouse',7,13
467712,heyimjuani,b'Buenos Aires, Argentina',30,16
467715,NickGaens,b'Hasselt',1,1
467722,toms972,b'Israel',0,8
467724,hauptmat,b'Detroit, Michigan',1,2
467727,technorganix,b'Columbia, MD',0,0
467728,jordanfbrown,b'San Francisco, CA',3,16
467729,klaussilveira,b'So Paulo',261,24
467745,hanksudo,b'Taipei, Taiwan',72,70
467756,pbadeer,b'Omaha, NE',28,20
467757,jameywarren,b'Livingston, Montana',1,2
467759,glennfriesen,b'California',0,0
467760,alexandrecintra,b'So Paulo / Brazil',14,3
467761,empeeoh,b'Boston',4,6
467763,seifscape,b'Tunis,Tunisia',5,86
467770,WoodyKing,b'Virginia',0,1
467783,jadeatucker,b'Mountain View, CA',7,17
467791,hiatta,b'San Francisco',1,7
467802,marchaefner,b'Dresden, Germany',1,10
467805,khristoff,b'Veracruz, Mxico',1,1
467807,RBlafford,b'New York, NY',4,15
467808,igord,b'Amsterdam, Netherlands',6,8
467810,shigeta,b'SF Bay Area',1,2
467811,MildredBlaesing,b'Brandenburg',2,0
467817,atnightmedia,b'USA',1,0
467822,charlieholder,b'Atlanta, GA',8,1
467827,dvingo,b'New York',21,24
467830,webdigi,b'London',9,13
467844,japherwocky,b'Mostly Chicago',13,16
467853,zackkollar,b'NY, USA',0,7
467854,subrata4096,b'West Lafayette, Indiana',0,17
467856,homerquan,b'Hanover, NH',5,80
467858,goleador,b'San Francisco, CA',1,0
467863,agatakrason,b'Gliwice',0,11
467867,zoudini,b'New York, NY',0,2
467869,Eviesays,b'Nashville, TN',0,0
467872,athal7,b'Brooklyn, NY',32,68
467875,dgeske,b'Brooklyn, NY',13,24
467879,Otpipkin,b'',0,0
467880,maaad,b'Minsk',0,2
467881,plodyga,b'Warsaw, Poland',0,2
467883,mrothenberger,b'Berlin',5,5
467885,cflynn07,b'San Francisco, CA',21,133
467889,phillijw,b'Milwaukee, Wi',16,7
467896,timodonnell,b'NYC',17,14
467899,parkerwest,b'Lehigh Valley, PA',0,0
467900,zooko,b'Boulder, CO, USA',62,34
467902,baranga,b'Berlin',6,18
467911,onovaes,b'Brazil',4,4
467913,Netrix,b'Poland',1,15
467916,jonschwartz,b'MA, USA',1,6
467920,bsanantonio,b'Oakland, CA',2,9
467922,biondo,b'Colatina-ES-Brasil',0,5
467927,kanterov,b'Russia, Novosibirsk',23,32
467928,chipotle,b'Santa Clara, CA',9,22
467931,gmazza,b'Arlington VA',17,12
467935,jineshkj,b'Syracuse, NY, USA.',3,14
467940,mmacdermaid,b'Chicago',2,2
467943,naomik,b'CANADA',124,19
467948,iancze,b'Cambridge, MA, USA',16,31
467951,akozlik,b'Orlando, FL',12,30
467956,BryanBolivar,b'Barranquilla-Colombia',3,1
467958,mlalbuquerque,b'Salvador',50,14
467961,maesenka,b'Antwerpen',9,45
467962,Gandi,b'Paris, San Francisco',0,42
467963,kraftvaerk,b'Denmark, CPH',0,5
467970,rfrank1813,b'San Francisco',4,2
467977,hipertipo,b'Rio de Janeiro',0,0
467978,dwyerk,b'Takoma Park, MD',15,15
467983,nickporjr,b'Brooklyn, NY',3,14
467984,pixeldust,b'Bournemouth, UK',1,2
467985,UCF,b'Orlando, FL',0,118
467990,ExocTBlid,b'Denver, CO',2,3
467995,ddeepakkumar,b'Mountain View, CA',0,5
468002,potench,b'Culver City',18,13
468006,FDiskas,b'Lithuania',2,17
468007,andrewfurman,b'nyc',8,24
468008,arodeus,b'Italy',0,2
468009,michaelspellacy,b'New York, NY',13,3
468011,pferate,b'Washington',2,29
468017,barkereducation,b'Scottsdale, AZ',0,0
468020,danav,b'Raleigh, NC',0,1
468022,pzeimet,b'Scottsdale, AZ',0,0
468029,curtisblackwell,b'Busan, South Korea',16,45
468045,hoetmaaiers,b'Antwerp, Belgium',11,23
468047,jbolles,b'Houston, TX',3,1
468054,riddlogic,b'Los Angeles, CA',0,0
468055,aml88fl,b'United States',0,0
468058,fjsermu,b'Spain',3,5
468061,claytonbench,b'Denver, CO',2,27
468064,wkritzinger,b'Sydney, Australia',1,3
468066,jmaygarden,b'Pensacola, FL',5,10
468069,ronanmccoy,b'Los Angeles, CA',2,4
468072,mikeball,b'Las Vegas, NV',3,18
468073,kevinkluge,b'Los Altos, California, USA',20,3
468075,langer123,b'Ireland',0,0
468085,horeapopa,b'Romania',4,5
468086,2potatocakes,b'Melbourne, Australia',2,10
468088,cameronbriar,b'Fresno',28,27
468091,kaloyan-raev,b'Sofia, Bulgaria',19,47
468093,bradcerasani,b'Winnipeg, Manitoba, Canada',33,58
468094,Grumpicus,b'Austin, TX',2,2
468108,cloudysoft,b'California',0,0
468112,yaioyaio,b'seoul',1,88
468117,CloudShopper,b'Miami, FL',0,1
468122,joshuanguyen,b'San Francisco',9,4
468124,Adamsimsy,b'Bath, UK',4,13
468132,bwells,b'Denver, CO',2,16
468133,kishores,b'Sunnyvale',6,3
468134,apheage,b'Arlington',0,0
468136,lukearndt,b'Melbourne',22,11
468140,jimib,b'Manchester',1,24
468143,misila,b'france',0,2
468148,bueller,b'Brooklyn, NY',13,8
468149,michael-grunder,b'Chico, CA',34,8
468152,DCPython,b'Washington, DC, USA',0,9
468154,fmaiocco,b'Italia',0,0
468157,atekie,b'United States',0,0
468164,th3hamm0r,b'Vienna, Austria',4,2
468175,jessiehernandez,b'Miami, FL',2,5
468177,mwelt,b'Germany',2,6
468180,YichenWang,b'Palo Alto',0,0
468182,enluminari,b'San Francisco Bay Area',0,1
468183,lucienboland,b'Melbourne',0,0
468185,tomoe,b'Tokyo',5,10
468190,lucianocampos,b'Brazil',1,4
468191,ewkratz,b'San Salvador, El Salvador',0,0
468201,dariob,b'Italy',31,46
468206,stratparrott,b'Chattanooga,TN',0,1
468208,dkoepke,b'San Francisco, CA.',13,10
468209,jojurgens,b'Oslo',2,2
468211,frcepeda,b'Mexico City',34,11
468234,akkhare,b'San Jose',0,1
468238,gegere,b'Boulder',32,27
468241,goatfish100,b'Phoenix, az',0,3
468248,ojaber,b'United States',15,2
468255,nwebs,b'Karlsruhe',0,11
468261,perfectspr,b'Dalian',1,63
468263,weymouth,b'Southampton, UK',5,3
468266,agentbetty,b'portland',0,1
468272,zidge,b'Ottawa, Canada',2,8
468274,stroparo,b'Curitiba - Paran - Brazil',7,4
468277,evanxg852000,b'Conakry - Guinea',0,11
468282,cbraddoss,b'Springdale, AR',2,1
468283,narongskml,b'Thailand',0,0
468290,Remiz,b'Toronto',1,5
468293,fatiharslan,b'stanbul',2,0
468294,frozencemetery,b'Boston, MA',80,59
468298,scottweisman,b'Chicago, IL',10,51
468309,dwalton76,b'North Carolina',4,11
468315,doomed999,b'IL. USA',0,0
468323,vladipus,b'Russia',0,11
468327,itomic,b'Melbourne & Perth, Australia',0,1
468338,isoparametric,b'Tokyo',12,10
468342,jameswangz,b'Zhuhai',9,28
468343,horixon,b'San Francisco',5,10
468345,vadimpanin,b'Moscow, Russia',1,6
468354,frugardc,b'New York City, NY',1,30
468359,liilipooh,b'California | 92555',0,1
468360,jackhsieh,b'Taipei, Taiwan',2,7
468366,Makc666,b'MSK-RU',0,0
468368,koron,b'Tokyo, Japan',181,197
468369,mfields,b'Portland, Oregon, USA',273,24
468373,kyawlinoo,b'Singapore',1,3
468379,digidanny,b'Nashville, TN',7,15
468380,alltry,b'Capo da Canoa / RS / Brasil',0,0
468391,mladenw,b'US',0,2
468395,frost-nzcr4,b'Ururu',12,44
468396,mintindeed,b'Los Angeles, CA',6,22
468398,pschwartz,b'Davie, Fl',7,48
468399,devinfd,b'Lafayette, CA',2,5
468400,Japanuspus,b'Singapore, Denmark, UK, Switzerland',3,9
468411,chiradeep,b'Cupertino,CA',9,16
468417,sandmansandine,b'Albuquerque, NM',1,8
468420,skyyan,b'Shanghai, China',0,0
468422,lixinchn,b'BeiJing',1,6
468425,txgemini,b'Sugar Land, TX',0,0
468426,loarabia,b'Redmond, Washington',17,13
468440,comthief,b'Seoul',0,1
468442,x7,b'Atlanta, GA, USA',0,4
468445,blue-cat,b'Peking',0,4
468451,wengyuli,b'Zhengzhou . China',6,7
468457,corygo,b'Bay Area',0,3
468460,qcoke,b'',2,8
468461,jamescooper,b'Cupertino',0,6
468475,mutt,b'Sydney',0,1
468477,alexander-yakushev,b'Kiev, Ukraine',109,29
468479,jordanbrown,b'San Francisco, CA',26,27
468480,efruchter,b'Los Angeles, CA',9,25
468482,ndesai,b'California',11,15
468489,mouhong,b'Xiamen, China',29,8
468494,eomjinyoung,b'SOUTH KOREA',88,33
468496,wmira,b'Singapore',31,47
468501,CIRCL,b'Luxembourg',0,42
468503,Mwalavu,b'Nairobi',0,3
468509,Kingson,b'China',30,45
468514,nevillelyh,b'Brooklyn, NY',59,37
468519,rowandavies,b'Sydney, Australia',12,2
468521,jufickel,b'Germany',2,10
468522,chiendv,b'Vit Nam',0,9
468524,sirion,b'Heidelberg',12,4
468526,ruuts,b'The Netherlands',0,29
468527,reeset,b'Columbus, OH',22,16
468541,dimaromanenko,b'Kiev',0,18
468559,craigcitro,b'Seattle, WA',309,55
468560,perise,b'Shanghai',0,7
468562,Tioneb90,b'Lyon',0,1
468563,clementhadrot,b'Strasbourg',0,6
468564,stackng,b'Taipei',1,3
468565,vikrampawar,b'London',1,4
468572,fbielejec,b'Leuven Belgium',11,17
468575,leifbladt,b'Freiburg, Germany',10,21
468579,splitice,b'Melbourne, Australia',20,150
468581,vilewish,b'Belarus, Minsk',1,0
468583,Zilorent,b'Ukraince',2,6
468590,virtser,b'Tel-Aviv, Israel',8,17
468592,huunguyen,b'vietnam',0,1
468597,h0arry,b'Moorhusen',7,9
468611,nexiles,b'Weingarten, Germany',0,75
468617,wangtianthu,b'San Francisco',16,2
468620,krampstudio,b'Thionville, France',51,55
468622,Flyflo,b'France',4,4
